G,L2,R2,W3,cg_R1,cg_R2,S11_Linear
140,34,16,19,30,20,0.29675918
140,34,16,19,30,27,0.30072688
140,34,16,19,30,34,0.30669104
140,34,16,19,30,41,0.3145694
140,34,16,19,30,48,0.32380909
140,34,16,19,30,55,0.33361586
140,34,16,14,30,20,0.28697218
140,34,16,14,30,27,0.29139362
140,34,16,14,30,34,0.29716293
140,34,16,14,30,41,0.30391007
140,34,16,14,30,48,0.31100492
140,34,16,14,30,55,0.31747845
140,34,16,9,30,20,0.27684906
140,34,16,9,30,27,0.28070918
140,34,16,9,30,34,0.28545974
140,34,16,9,30,41,0.29050311
140,34,18,9,30,48,0.29529128
140,34,18,9,30,55,0.30021665
140,34,18,19,30,20,0.2910202
140,34,18,19,30,27,0.29433591
140,34,18,19,30,34,0.29970202
140,34,18,19,30,41,0.307498
140,34,18,19,30,48,0.31709428
140,34,18,19,30,55,0.32782744
140,34,18,14,30,20,0.28187534
140,34,18,14,30,27,0.28525275
140,34,18,14,30,34,0.29120727
140,34,18,14,30,41,0.29745233
140,34,18,14,30,48,0.30529473
140,34,18,14,30,55,0.31256035
140,34,18,9,30,20,0.2720988
140,34,18,9,30,27,0.27579921
140,34,18,9,30,34,0.2800068
140,34,18,9,30,41,0.28568183
140,34,18,9,30,48,0.29038028
140,34,18,9,30,55,0.29535051
140,34,20,19,30,20,0.28434725
140,34,20,19,30,27,0.2864977
140,34,20,19,30,34,0.29090084
140,34,20,19,30,41,0.29807541
140,34,20,19,30,48,0.30761818
140,34,20,19,30,55,0.31922868
140,34,20,14,30,20,0.27520172
140,34,20,14,30,27,0.27857917
140,34,20,14,30,34,0.28352949
140,34,20,14,30,41,0.28995596
140,34,20,14,30,48,0.29738346
140,34,20,14,30,55,0.30572442
140,34,20,9,30,20,0.26686319
140,34,20,9,30,27,0.2692772
140,34,20,9,30,34,0.27341787
140,34,20,9,30,41,0.2786612
140,34,20,9,30,48,0.28435116
140,34,20,9,30,55,0.28976467
145,34,16,19,30,20,0.39495631
145,34,16,19,30,27,0.4015766
145,34,16,19,30,34,0.40987959
145,34,16,19,30,41,0.41947686
145,34,16,19,30,48,0.43054076
145,34,16,19,30,55,0.44020384
145,34,16,14,30,20,0.38969474
145,34,16,14,30,27,0.39626674
145,34,16,14,30,34,0.40366039
145,34,16,14,30,41,0.41085717
145,34,16,14,30,48,0.41830799
145,34,16,14,30,55,0.4236197
145,34,16,9,30,20,0.38118094
145,34,16,9,30,27,0.38655938
145,34,16,9,30,34,0.39209561
145,34,16,9,30,41,0.39720259
145,34,18,9,30,48,0.40186254
145,34,18,9,30,55,0.40463891
145,34,18,19,30,20,0.38725008
145,34,18,19,30,27,0.39308206
145,34,18,19,30,34,0.40097086
145,34,18,19,30,41,0.41080557
145,34,18,19,30,48,0.42290451
145,34,18,19,30,55,0.43391907
145,34,18,14,30,20,0.38311153
145,34,18,14,30,27,0.38896308
145,34,18,14,30,34,0.39636085
145,34,18,14,30,41,0.40451652
145,34,18,14,30,48,0.41293981
145,34,18,14,30,55,0.41940714
145,34,18,9,30,20,0.37538248
145,34,18,9,30,27,0.38078613
145,34,18,9,30,34,0.38668625
145,34,18,9,30,41,0.39244347
145,34,18,9,30,48,0.39787989
145,34,18,9,30,55,0.40156273
145,34,20,19,30,20,0.37808822
145,34,20,19,30,27,0.3823809
145,34,20,19,30,34,0.38926267
145,34,20,19,30,41,0.39906891
145,34,20,19,30,48,0.41180837
145,34,20,19,30,55,0.42470899
145,34,20,14,30,20,0.37469136
145,34,20,14,30,27,0.3802659
145,34,20,14,30,34,0.38753709
145,34,20,14,30,41,0.39602
145,34,20,14,30,48,0.40554635
145,34,20,14,30,55,0.41359753
145,34,20,9,30,20,0.36851451
145,34,20,9,30,27,0.3738726
145,34,20,9,30,34,0.37996619
145,34,20,9,30,41,0.38651446
145,34,20,9,30,48,0.39301255
145,34,20,9,30,55,0.39747901
150,34,16,19,30,20,0.46763674
150,34,16,19,30,27,0.47527256
150,34,16,19,30,34,0.48535624
150,34,16,19,30,41,0.49641607
150,34,16,19,30,48,0.50782588
150,34,16,19,30,55,0.51810949
150,34,16,14,30,20,0.47081402
150,34,16,14,30,27,0.47812195
150,34,16,14,30,34,0.48653329
150,34,16,14,30,41,0.49437036
150,34,16,14,30,48,0.50134217
150,34,16,14,30,55,0.50675043
150,34,16,9,30,20,0.46774741
150,34,16,9,30,27,0.47369351
150,34,16,9,30,34,0.47987184
150,34,16,9,30,41,0.48490389
150,34,18,9,30,48,0.48869946
150,34,18,9,30,55,0.49108316
150,34,18,19,30,20,0.45744748
150,34,18,19,30,27,0.46407548
150,34,18,19,30,34,0.47374723
150,34,18,19,30,41,0.48545518
150,34,18,19,30,48,0.4982623
150,34,18,19,30,55,0.51082038
150,34,18,14,30,20,0.46240446
150,34,18,14,30,27,0.46963789
150,34,18,14,30,34,0.47840795
150,34,18,14,30,41,0.48734727
150,34,18,14,30,48,0.49560425
150,34,18,14,30,55,0.5024648
150,34,18,9,30,20,0.46148366
150,34,18,9,30,27,0.46767549
150,34,18,9,30,34,0.47428445
150,34,18,9,30,41,0.48029585
150,34,18,9,30,48,0.48495585
150,34,18,9,30,55,0.48821925
150,34,20,19,30,20,0.44515647
150,34,20,19,30,27,0.45007046
150,34,20,19,30,34,0.4584107
150,34,20,19,30,41,0.46993103
150,34,20,19,30,48,0.48397325
150,34,20,19,30,55,0.49899904
150,34,20,14,30,20,0.45193645
150,34,20,14,30,27,0.45865555
150,34,20,14,30,34,0.4675469
150,34,20,14,30,41,0.47740941
150,34,20,14,30,48,0.48726682
150,34,20,14,30,55,0.49610791
150,34,20,9,30,20,0.45335248
150,34,20,9,30,27,0.45978118
150,34,20,9,30,34,0.46695812
150,34,20,9,30,41,0.4739749
150,34,20,9,30,48,0.47994691
150,34,20,9,30,55,0.48422362
155,34,16,19,30,20,0.51236074
155,34,16,19,30,27,0.52238043
155,34,16,19,30,34,0.53335979
155,34,16,19,30,41,0.54578989
155,34,16,19,30,48,0.557826
155,34,16,19,30,55,0.56797885
155,34,16,14,30,20,0.52291373
155,34,16,14,30,27,0.53212495
155,34,16,14,30,34,0.54077813
155,34,16,14,30,41,0.54910174
155,34,16,14,30,48,0.5558025
155,34,16,14,30,55,0.56054589
155,34,16,9,30,20,0.52467448
155,34,16,9,30,27,0.53186
155,34,16,9,30,34,0.53774804
155,34,16,9,30,41,0.54270513
155,34,18,9,30,48,0.5459403
155,34,18,9,30,55,0.54728972
155,34,18,19,30,20,0.49966052
155,34,18,19,30,27,0.50766401
155,34,18,19,30,34,0.51844919
155,34,18,19,30,41,0.53187897
155,34,18,19,30,48,0.5460022
155,34,18,19,30,55,0.55873467
155,34,18,14,30,20,0.5130613
155,34,18,14,30,27,0.52148168
155,34,18,14,30,34,0.53080106
155,34,18,14,30,41,0.54046797
155,34,18,14,30,48,0.54894231
155,34,18,14,30,55,0.55517767
155,34,18,9,30,20,0.5175948
155,34,18,9,30,27,0.52451938
155,34,18,9,30,34,0.53116089
155,34,18,9,30,41,0.53704662
155,34,18,9,30,48,0.54133064
155,34,18,9,30,55,0.54346947
155,34,20,19,30,20,0.48452075
155,34,20,19,30,27,0.49035744
155,34,20,19,30,34,0.50072878
155,34,20,19,30,41,0.51414899
155,34,20,19,30,48,0.5300216
155,34,20,19,30,55,0.54583144
155,34,20,14,30,20,0.50032012
155,34,20,14,30,27,0.50837482
155,34,20,14,30,34,0.51903655
155,34,20,14,30,41,0.53003987
155,34,20,14,30,48,0.54060944
155,34,20,14,30,55,0.54897427
155,34,20,9,30,20,0.50822631
155,34,20,9,30,27,0.51559247
155,34,20,9,30,34,0.52381034
155,34,20,9,30,41,0.53107572
155,34,20,9,30,48,0.53675443
155,34,20,9,30,55,0.54010195
140,34,16,19,40,20,0.27448384
140,34,16,19,40,27,0.28124764
140,34,16,19,40,34,0.29166659
140,34,16,19,40,41,0.30562218
140,34,16,19,40,48,0.32179551
140,34,16,19,40,55,0.33920351
140,34,16,14,40,20,0.27024937
140,34,16,14,40,27,0.27813124
140,34,16,14,40,34,0.28875107
140,34,16,14,40,41,0.30151573
140,34,16,14,40,48,0.31475461
140,34,16,14,40,55,0.32754985
140,34,16,9,40,20,0.26433485
140,34,16,9,40,27,0.2719874
140,34,16,9,40,34,0.28140198
140,34,16,9,40,41,0.29202028
140,34,18,9,40,48,0.30202515
140,34,18,9,40,55,0.31047199
140,34,18,19,40,20,0.26640728
140,34,18,19,40,27,0.27139943
140,34,18,19,40,34,0.28045821
140,34,18,19,40,41,0.29397321
140,34,18,19,40,48,0.31036907
140,34,18,19,40,55,0.32909552
140,34,18,14,40,20,0.26204705
140,34,18,14,40,27,0.26895556
140,34,18,14,40,34,0.27884147
140,34,18,14,40,41,0.29168334
140,34,18,14,40,48,0.30542234
140,34,18,14,40,55,0.31958298
140,34,18,9,40,20,0.25708104
140,34,18,9,40,27,0.26407472
140,34,18,9,40,34,0.27329932
140,34,18,9,40,41,0.28371315
140,34,18,9,40,48,0.29456579
140,34,18,9,40,55,0.30391496
140,34,20,19,40,20,0.25798118
140,34,20,19,40,27,0.26095252
140,34,20,19,40,34,0.26777414
140,34,20,19,40,41,0.27960359
140,34,20,19,40,48,0.29567716
140,34,20,19,40,55,0.3152541
140,34,20,14,40,20,0.2533643
140,34,20,14,40,27,0.25868382
140,34,20,14,40,34,0.26737909
140,34,20,14,40,41,0.27964476
140,34,20,14,40,48,0.29398894
140,34,20,14,40,55,0.30939749
140,34,20,9,40,20,0.24953648
140,34,20,9,40,27,0.25550964
140,34,20,9,40,34,0.26422038
140,34,20,9,40,41,0.27456805
140,34,20,9,40,48,0.2853283
140,34,20,9,40,55,0.29623499
145,34,16,19,40,20,0.38003847
145,34,16,19,40,27,0.38911969
145,34,16,19,40,34,0.40157306
145,34,16,19,40,41,0.41634529
145,34,16,19,40,48,0.43256266
145,34,16,19,40,55,0.44637908
145,34,16,14,40,20,0.3794164
145,34,16,14,40,27,0.38905079
145,34,16,14,40,34,0.40042671
145,34,16,14,40,41,0.41201504
145,34,16,14,40,48,0.42280122
145,34,16,14,40,55,0.42998024
145,34,16,9,40,20,0.37339211
145,34,16,9,40,27,0.38147798
145,34,16,9,40,34,0.39038476
145,34,16,9,40,41,0.39830333
145,34,18,9,40,48,0.40432671
145,34,18,9,40,55,0.40733722
145,34,18,19,40,20,0.36997339
145,34,18,19,40,27,0.37767231
145,34,18,19,40,34,0.38910826
145,34,18,19,40,41,0.40422206
145,34,18,19,40,48,0.42165857
145,34,18,19,40,55,0.43785129
145,34,18,14,40,20,0.37014279
145,34,18,14,40,27,0.37894887
145,34,18,14,40,34,0.39038096
145,34,18,14,40,41,0.4027302
145,34,18,14,40,48,0.41576465
145,34,18,14,40,55,0.42477314
145,34,18,9,40,20,0.36518224
145,34,18,9,40,27,0.37334638
145,34,18,9,40,34,0.38271395
145,34,18,9,40,41,0.39193242
145,34,18,9,40,48,0.39943272
145,34,18,9,40,55,0.40355726
145,34,20,19,40,20,0.35916584
145,34,20,19,40,27,0.36444936
145,34,20,19,40,34,0.37408239
145,34,20,19,40,41,0.38800261
145,34,20,19,40,48,0.40639781
145,34,20,19,40,55,0.42495856
145,34,20,14,40,20,0.35956076
145,34,20,14,40,27,0.36728902
145,34,20,14,40,34,0.37827848
145,34,20,14,40,41,0.39143028
145,34,20,14,40,48,0.40589874
145,34,20,14,40,55,0.41750275
145,34,20,9,40,20,0.35643358
145,34,20,9,40,27,0.36425254
145,34,20,9,40,34,0.37394194
145,34,20,9,40,41,0.38392163
145,34,20,9,40,48,0.39319854
145,34,20,9,40,55,0.39905432
150,34,16,19,40,20,0.45674109
150,34,16,19,40,27,0.46676226
150,34,16,19,40,34,0.47976636
150,34,16,19,40,41,0.49478506
150,34,16,19,40,48,0.50980624
150,34,16,19,40,55,0.52294806
150,34,16,14,40,20,0.4632676
150,34,16,14,40,27,0.47321327
150,34,16,14,40,34,0.48434109
150,34,16,14,40,41,0.49487756
150,34,16,14,40,48,0.50322874
150,34,16,14,40,55,0.50927306
150,34,16,9,40,20,0.46174044
150,34,16,9,40,27,0.46974775
150,34,16,9,40,34,0.47735196
150,34,16,9,40,41,0.48358014
150,34,18,9,40,48,0.48733486
150,34,18,9,40,55,0.48898543
150,34,18,19,40,20,0.44576694
150,34,18,19,40,27,0.45305347
150,34,18,19,40,34,0.46648311
150,34,18,19,40,41,0.48080892
150,34,18,19,40,48,0.49903947
150,34,18,19,40,55,0.51409728
150,34,18,14,40,20,0.45375432
150,34,18,14,40,27,0.46247266
150,34,18,14,40,34,0.4751032
150,34,18,14,40,41,0.48609997
150,34,18,14,40,48,0.49755385
150,34,18,14,40,55,0.50479409
150,34,18,9,40,20,0.45443191
150,34,18,9,40,27,0.46188498
150,34,18,9,40,34,0.47140126
150,34,18,9,40,41,0.47785664
150,34,18,9,40,48,0.48409611
150,34,18,9,40,55,0.48614434
150,34,20,19,40,20,0.43136968
150,34,20,19,40,27,0.43727018
150,34,20,19,40,34,0.44738352
150,34,20,19,40,41,0.46201802
150,34,20,19,40,48,0.48044959
150,34,20,19,40,55,0.49980352
150,34,20,14,40,20,0.44036149
150,34,20,14,40,27,0.44930354
150,34,20,14,40,34,0.46079686
150,34,20,14,40,41,0.47399612
150,34,20,14,40,48,0.48712986
150,34,20,14,40,55,0.49814405
150,34,20,9,40,20,0.44380287
150,34,20,9,40,27,0.45234997
150,34,20,9,40,34,0.46174662
150,34,20,9,40,41,0.47072181
150,34,20,9,40,48,0.47796838
150,34,20,9,40,55,0.48261269
155,34,16,19,40,20,0.50372273
155,34,16,19,40,27,0.514617
155,34,16,19,40,34,0.52862206
155,34,16,19,40,41,0.54407067
155,34,16,19,40,48,0.55900882
155,34,16,19,40,55,0.57112074
155,34,16,14,40,20,0.51692673
155,34,16,14,40,27,0.52735134
155,34,16,14,40,34,0.53831287
155,34,16,14,40,41,0.54827894
155,34,16,14,40,48,0.55610845
155,34,16,14,40,55,0.56067613
155,34,16,9,40,20,0.51959033
155,34,16,9,40,27,0.52731025
155,34,16,9,40,34,0.5344511
155,34,16,9,40,41,0.53982231
155,34,18,9,40,48,0.54282926
155,34,18,9,40,55,0.54363686
155,34,18,19,40,20,0.49029955
155,34,18,19,40,27,0.49959584
155,34,18,19,40,34,0.51296374
155,34,18,19,40,41,0.5283188
155,34,18,19,40,48,0.54689162
155,34,18,19,40,55,0.56245805
155,34,18,14,40,20,0.50597964
155,34,18,14,40,27,0.5163908
155,34,18,14,40,34,0.52835613
155,34,18,14,40,41,0.53929071
155,34,18,14,40,48,0.55024914
155,34,18,14,40,55,0.55705617
155,34,18,9,40,20,0.51176877
155,34,18,9,40,27,0.52025333
155,34,18,9,40,34,0.52850505
155,34,18,9,40,41,0.53449254
155,34,18,9,40,48,0.53973127
155,34,18,9,40,55,0.54170588
155,34,20,19,40,20,0.47361971
155,34,20,19,40,27,0.47988599
155,34,20,19,40,34,0.49078787
155,34,20,19,40,41,0.50672871
155,34,20,19,40,48,0.52636782
155,34,20,19,40,55,0.54596527
155,34,20,14,40,20,0.49089038
155,34,20,14,40,27,0.50053924
155,34,20,14,40,34,0.5128722
155,34,20,14,40,41,0.52651005
155,34,20,14,40,48,0.53953488
155,34,20,14,40,55,0.54949615
155,34,20,9,40,20,0.50041777
155,34,20,9,40,27,0.50923729
155,34,20,9,40,34,0.51870339
155,34,20,9,40,41,0.52727909
155,34,20,9,40,48,0.53393145
155,34,20,9,40,55,0.5373497
140,34,16,19,50,20,0.25591476
140,34,16,19,50,27,0.26447198
140,34,16,19,50,34,0.27984109
140,34,16,19,50,41,0.30084249
140,34,16,19,50,48,0.32562815
140,34,16,19,50,55,0.35222552
140,34,16,14,50,20,0.25600855
140,34,16,14,50,27,0.26763491
140,34,16,14,50,34,0.28396491
140,34,16,14,50,41,0.3036531
140,34,16,14,50,48,0.32427677
140,34,16,14,50,55,0.3436861
140,34,16,9,50,20,0.25405367
140,34,16,9,50,27,0.26571421
140,34,16,9,50,34,0.28073413
140,34,16,9,50,41,0.29728358
140,34,18,9,50,48,0.31305536
140,34,18,9,50,55,0.32661626
140,34,18,19,50,20,0.24670474
140,34,18,19,50,27,0.25325563
140,34,18,19,50,34,0.26555827
140,34,18,19,50,41,0.28474204
140,34,18,19,50,48,0.30976398
140,34,18,19,50,55,0.33768052
140,34,18,14,50,20,0.24635452
140,34,18,14,50,27,0.25611323
140,34,18,14,50,34,0.27088191
140,34,18,14,50,41,0.29025758
140,34,18,14,50,48,0.31174218
140,34,18,14,50,55,0.33351788
140,34,18,9,50,20,0.24540676
140,34,18,9,50,27,0.25588488
140,34,18,9,50,34,0.27025409
140,34,18,9,50,41,0.28717125
140,34,18,9,50,48,0.30406075
140,34,18,9,50,55,0.31944207
140,34,20,19,50,20,0.23698229
140,34,20,19,50,27,0.24033412
140,34,20,19,50,34,0.24925958
140,34,20,19,50,41,0.26514864
140,34,20,19,50,48,0.28864348
140,34,20,19,50,55,0.31740986
140,34,20,14,50,20,0.23552408
140,34,20,14,50,27,0.24272807
140,34,20,14,50,34,0.25510743
140,34,20,14,50,41,0.27339278
140,34,20,14,50,48,0.29571864
140,34,20,14,50,55,0.31938169
140,34,20,9,50,20,0.23563511
140,34,20,9,50,27,0.24431908
140,34,20,9,50,34,0.25748092
140,34,20,9,50,41,0.27425904
140,34,20,9,50,48,0.29210523
140,34,20,9,50,55,0.30974708
145,34,16,19,50,20,0.36428134
145,34,16,19,50,27,0.37580971
145,34,16,19,50,34,0.3922602
145,34,16,19,50,41,0.41192295
145,34,16,19,50,48,0.43299607
145,34,16,19,50,55,0.45164313
145,34,16,14,50,20,0.36643817
145,34,16,14,50,27,0.37855577
145,34,16,14,50,34,0.39391343
145,34,16,14,50,41,0.40966013
145,34,16,14,50,48,0.42351119
145,34,16,14,50,55,0.43325862
145,34,16,9,50,20,0.36176698
145,34,16,9,50,27,0.37247913
145,34,16,9,50,34,0.38442681
145,34,16,9,50,41,0.39468134
145,34,18,9,50,48,0.40228623
145,34,18,9,50,55,0.40587496
145,34,18,19,50,20,0.35326147
145,34,18,19,50,27,0.3628195
145,34,18,19,50,34,0.37758208
145,34,18,19,50,41,0.3971073
145,34,18,19,50,48,0.41985926
145,34,18,19,50,55,0.4418937
145,34,18,14,50,20,0.35601044
145,34,18,14,50,27,0.36767264
145,34,18,14,50,34,0.38289524
145,34,18,14,50,41,0.39986092
145,34,18,14,50,48,0.41601171
145,34,18,14,50,55,0.42872185
145,34,18,9,50,20,0.35345154
145,34,18,9,50,27,0.36418444
145,34,18,9,50,34,0.37678024
145,34,18,9,50,41,0.38876118
145,34,18,9,50,48,0.39788924
145,34,18,9,50,55,0.40350075
145,34,20,19,50,20,0.34080351
145,34,20,19,50,27,0.34748677
145,34,20,19,50,34,0.35938884
145,34,20,19,50,41,0.37714632
145,34,20,19,50,48,0.40024154
145,34,20,19,50,55,0.42549202
145,34,20,14,50,20,0.34349837
145,34,20,14,50,27,0.35337939
145,34,20,14,50,34,0.36798277
145,34,20,14,50,41,0.38560176
145,34,20,14,50,48,0.40436373
145,34,20,14,50,55,0.4206264
145,34,20,9,50,20,0.34244628
145,34,20,9,50,27,0.35309909
145,34,20,9,50,34,0.36611235
145,34,20,9,50,41,0.37966861
145,34,20,9,50,48,0.39144984
145,34,20,9,50,55,0.39898959
150,34,16,19,50,20,0.44467586
150,34,16,19,50,27,0.45685597
150,34,16,19,50,34,0.4726041
150,34,16,19,50,41,0.49068836
150,34,16,19,50,48,0.50934576
150,34,16,19,50,55,0.52462811
150,34,16,14,50,20,0.45303657
150,34,16,14,50,27,0.46537127
150,34,16,14,50,34,0.47868748
150,34,16,14,50,41,0.49120228
150,34,16,14,50,48,0.50149917
150,34,16,14,50,55,0.50726949
150,34,16,9,50,20,0.4520521
150,34,16,9,50,27,0.46165298
150,34,16,9,50,34,0.4707101
150,34,16,9,50,41,0.47749677
150,34,18,9,50,48,0.48131937
150,34,18,9,50,55,0.48203837
150,34,18,19,50,20,0.43325454
150,34,18,19,50,27,0.44200347
150,34,18,19,50,34,0.45771006
150,34,18,19,50,41,0.47594379
150,34,18,19,50,48,0.49718036
150,34,18,19,50,55,0.51546201
150,34,18,14,50,20,0.44255503
150,34,18,14,50,27,0.45363694
150,34,18,14,50,34,0.46869843
150,34,18,14,50,41,0.48337013
150,34,18,14,50,48,0.49629898
150,34,18,14,50,55,0.50420226
150,34,18,9,50,20,0.44389423
150,34,18,9,50,27,0.45331912
150,34,18,9,50,34,0.46469658
150,34,18,9,50,41,0.47344603
150,34,18,9,50,48,0.47937092
150,34,18,9,50,55,0.48044383
150,34,20,19,50,20,0.41806101
150,34,20,19,50,27,0.42460912
150,34,20,19,50,34,0.43601472
150,34,20,19,50,41,0.45328332
150,34,20,19,50,48,0.4755492
150,34,20,19,50,55,0.49889731
150,34,20,14,50,20,0.42772209
150,34,20,14,50,27,0.43832992
150,34,20,14,50,34,0.45245558
150,34,20,14,50,41,0.46867414
150,34,20,14,50,48,0.48501569
150,34,20,14,50,55,0.49787155
150,34,20,9,50,20,0.43185211
150,34,20,9,50,27,0.44236392
150,34,20,9,50,34,0.45402372
150,34,20,9,50,41,0.46487483
150,34,20,9,50,48,0.47349734
150,34,20,9,50,55,0.47775146
155,34,16,19,50,20,0.49527863
155,34,16,19,50,27,0.50767038
155,34,16,19,50,34,0.52368489
155,34,16,19,50,41,0.54136419
155,34,16,19,50,48,0.55882523
155,34,16,19,50,55,0.57215015
155,34,16,14,50,20,0.50936037
155,34,16,14,50,27,0.52136135
155,34,16,14,50,34,0.53434916
155,34,16,14,50,41,0.54583159
155,34,16,14,50,48,0.554174
155,34,16,14,50,55,0.55816383
155,34,16,9,50,20,0.51169544
155,34,16,9,50,27,0.52068659
155,34,16,9,50,34,0.52891626
155,34,16,9,50,41,0.53430215
155,34,18,9,50,48,0.53691894
155,34,18,9,50,55,0.53610695
155,34,18,19,50,20,0.48075321
155,34,18,19,50,27,0.49103744
155,34,18,19,50,34,0.5059152
155,34,18,19,50,41,0.52449757
155,34,18,19,50,48,0.54514183
155,34,18,19,50,55,0.56288164
155,34,18,14,50,20,0.49710141
155,34,18,14,50,27,0.50914057
155,34,18,14,50,34,0.5230727
155,34,18,14,50,41,0.5367027
155,34,18,14,50,48,0.54836424
155,34,18,14,50,55,0.55516562
155,34,18,9,50,20,0.50296383
155,34,18,9,50,27,0.51276862
155,34,18,9,50,34,0.52231207
155,34,18,9,50,41,0.52958199
155,34,18,9,50,48,0.53404998
155,34,18,9,50,55,0.53486745
155,34,20,19,50,20,0.46478927
155,34,20,19,50,27,0.47132661
155,34,20,19,50,34,0.48305775
155,34,20,19,50,41,0.50038256
155,34,20,19,50,48,0.52289054
155,34,20,19,50,55,0.54552878
155,34,20,14,50,20,0.48173854
155,34,20,14,50,27,0.49264293
155,34,20,14,50,34,0.50689856
155,34,20,14,50,41,0.52275144
155,34,20,14,50,48,0.53799005
155,34,20,14,50,55,0.54901113
155,34,20,9,50,20,0.49134316
155,34,20,9,50,27,0.50158301
155,34,20,9,50,34,0.51263923
155,34,20,9,50,41,0.52236428
155,34,20,9,50,48,0.52941854
155,34,20,9,50,55,0.53237033
140,37,16,19,30,20,0.29593061
140,37,16,19,30,27,0.29959758
140,37,16,19,30,34,0.30571198
140,37,16,19,30,41,0.3150025
140,37,16,19,30,48,0.32694585
140,37,16,19,30,55,0.34134842
140,37,16,14,30,20,0.29875263
140,37,16,14,30,27,0.30368279
140,37,16,14,30,34,0.31045914
140,37,16,14,30,41,0.31895831
140,37,16,14,30,48,0.32905799
140,37,16,14,30,55,0.33959214
140,37,16,9,30,20,0.29448054
140,37,16,9,30,27,0.2992763
140,37,16,9,30,34,0.30516369
140,37,16,9,30,41,0.31211599
140,37,18,9,30,48,0.31949026
140,37,18,9,30,55,0.32647606
140,37,18,19,30,20,0.28570581
140,37,18,19,30,27,0.28826676
140,37,18,19,30,34,0.29342694
140,37,18,19,30,41,0.30193096
140,37,18,19,30,48,0.31399888
140,37,18,19,30,55,0.32859785
140,37,18,14,30,20,0.29055267
140,37,18,14,30,27,0.29474845
140,37,18,14,30,34,0.30144767
140,37,18,14,30,41,0.30968694
140,37,18,14,30,48,0.32008681
140,37,18,14,30,55,0.33139542
140,37,18,9,30,20,0.28770096
140,37,18,9,30,27,0.29237606
140,37,18,9,30,34,0.29852215
140,37,18,9,30,41,0.30519242
140,37,18,9,30,48,0.31238528
140,37,18,9,30,55,0.31975001
140,37,20,19,30,20,0.27422764
140,37,20,19,30,27,0.27500165
140,37,20,19,30,34,0.27824655
140,37,20,19,30,41,0.28506705
140,37,20,19,30,48,0.29585361
140,37,20,19,30,55,0.31084066
140,37,20,14,30,20,0.28116263
140,37,20,14,30,27,0.28439088
140,37,20,14,30,34,0.28996551
140,37,20,14,30,41,0.29786589
140,37,20,14,30,48,0.30841342
140,37,20,14,30,55,0.32053293
140,37,20,9,30,20,0.28087939
140,37,20,9,30,27,0.28456749
140,37,20,9,30,34,0.2897531
140,37,20,9,30,41,0.29655175
140,37,20,9,30,48,0.30456389
140,37,20,9,30,55,0.31252017
145,37,16,19,30,20,0.38333242
145,37,16,19,30,27,0.38905454
145,37,16,19,30,34,0.39775561
145,37,16,19,30,41,0.40934156
145,37,16,19,30,48,0.42458245
145,37,16,19,30,55,0.44020042
145,37,16,14,30,20,0.39317731
145,37,16,14,30,27,0.40058375
145,37,16,14,30,34,0.40998954
145,37,16,14,30,41,0.42012717
145,37,16,14,30,48,0.4314797
145,37,16,14,30,55,0.44078758
145,37,16,9,30,20,0.39118263
145,37,16,9,30,27,0.39808157
145,37,16,9,30,34,0.40521639
145,37,16,9,30,41,0.41241083
145,37,18,9,30,48,0.41934509
145,37,18,9,30,55,0.42359341
145,37,18,19,30,20,0.37120367
145,37,18,19,30,27,0.37525627
145,37,18,19,30,34,0.3824421
145,37,18,19,30,41,0.39293891
145,37,18,19,30,48,0.40793465
145,37,18,19,30,55,0.42470936
145,37,18,14,30,20,0.38335284
145,37,18,14,30,27,0.39023208
145,37,18,14,30,34,0.39938001
145,37,18,14,30,41,0.40992311
145,37,18,14,30,48,0.42228937
145,37,18,14,30,55,0.43339941
145,37,18,9,30,20,0.38326208
145,37,18,9,30,27,0.38999142
145,37,18,9,30,34,0.39796315
145,37,18,9,30,41,0.4053765
145,37,18,9,30,48,0.41350008
145,37,18,9,30,55,0.41884767
145,37,20,19,30,20,0.35740733
145,37,20,19,30,27,0.35908085
145,37,20,19,30,34,0.36357019
145,37,20,19,30,41,0.37212846
145,37,20,19,30,48,0.38547502
145,37,20,19,30,55,0.40231736
145,37,20,14,30,20,0.37184836
145,37,20,14,30,27,0.37757284
145,37,20,14,30,34,0.38583743
145,37,20,14,30,41,0.39646696
145,37,20,14,30,48,0.40965391
145,37,20,14,30,55,0.4225061
145,37,20,9,30,20,0.37472814
145,37,20,9,30,27,0.3809089
145,37,20,9,30,34,0.38889585
145,37,20,9,30,41,0.39723085
145,37,20,9,30,48,0.40627956
145,37,20,9,30,55,0.41304399
150,37,16,19,30,20,0.4443239
150,37,16,19,30,27,0.45063509
150,37,16,19,30,34,0.46089221
150,37,16,19,30,41,0.47454566
150,37,16,19,30,48,0.49101767
150,37,16,19,30,55,0.50928991
150,37,16,14,30,20,0.46678948
150,37,16,14,30,27,0.47543172
150,37,16,14,30,34,0.48650702
150,37,16,14,30,41,0.49779332
150,37,16,14,30,48,0.50902367
150,37,16,14,30,55,0.51904596
150,37,16,9,30,20,0.47266311
150,37,16,9,30,27,0.4802029
150,37,16,9,30,34,0.48864655
150,37,16,9,30,41,0.49556036
150,37,18,9,30,48,0.50141795
150,37,18,9,30,55,0.50570112
150,37,18,19,30,20,0.42938378
150,37,18,19,30,27,0.43338875
150,37,18,19,30,34,0.44138314
150,37,18,19,30,41,0.45344413
150,37,18,19,30,48,0.46956363
150,37,18,19,30,55,0.48974126
150,37,18,14,30,20,0.45479579
150,37,18,14,30,27,0.46283744
150,37,18,14,30,34,0.47379336
150,37,18,14,30,41,0.48594712
150,37,18,14,30,48,0.49863113
150,37,18,14,30,55,0.51119415
150,37,18,9,30,20,0.46420871
150,37,18,9,30,27,0.47189287
150,37,18,9,30,34,0.48091185
150,37,18,9,30,41,0.48896683
150,37,18,9,30,48,0.49611891
150,37,18,9,30,55,0.50181052
150,37,20,19,30,20,0.41326018
150,37,20,19,30,27,0.414049
150,37,20,19,30,34,0.41810719
150,37,20,19,30,41,0.42693832
150,37,20,19,30,48,0.44081363
150,37,20,19,30,55,0.46072788
150,37,20,14,30,20,0.44052019
150,37,20,14,30,27,0.44696744
150,37,20,14,30,34,0.45701489
150,37,20,14,30,41,0.46951573
150,37,20,14,30,48,0.48382184
150,37,20,14,30,55,0.49879781
150,37,20,9,30,20,0.45356776
150,37,20,9,30,27,0.4611275
150,37,20,9,30,34,0.47054989
150,37,20,9,30,41,0.47976446
150,37,20,9,30,48,0.48861398
150,37,20,9,30,55,0.49609055
155,37,16,19,30,20,0.47874284
155,37,16,19,30,27,0.48719632
155,37,16,19,30,34,0.49723862
155,37,16,19,30,41,0.51417082
155,37,16,19,30,48,0.5328969
155,37,16,19,30,55,0.5517249
155,37,16,14,30,20,0.51333031
155,37,16,14,30,27,0.52446993
155,37,16,14,30,34,0.53532566
155,37,16,14,30,41,0.54875737
155,37,16,14,30,48,0.56064906
155,37,16,14,30,55,0.56958556
155,37,16,9,30,20,0.52712645
155,37,16,9,30,27,0.53630923
155,37,16,9,30,34,0.54373203
155,37,16,9,30,41,0.55177105
155,37,18,9,30,48,0.55744948
155,37,18,9,30,55,0.56044598
155,37,18,19,30,20,0.46090107
155,37,18,19,30,27,0.46516269
155,37,18,19,30,34,0.4734383
155,37,18,19,30,41,0.48735972
155,37,18,19,30,48,0.50593827
155,37,18,19,30,55,0.52727632
155,37,18,14,30,20,0.498999
155,37,18,14,30,27,0.50850784
155,37,18,14,30,34,0.52047434
155,37,18,14,30,41,0.53433934
155,37,18,14,30,48,0.5483103
155,37,18,14,30,55,0.56005725
155,37,18,9,30,20,0.51747762
155,37,18,9,30,27,0.52621062
155,37,18,9,30,34,0.53539996
155,37,18,9,30,41,0.54394468
155,37,18,9,30,48,0.55113215
155,37,18,9,30,55,0.55555133
155,37,20,19,30,20,0.44278066
155,37,20,19,30,27,0.44263949
155,37,20,19,30,34,0.4458082
155,37,20,19,30,41,0.4554621
155,37,20,19,30,48,0.47103233
155,37,20,19,30,55,0.49233853
155,37,20,14,30,20,0.48166083
155,37,20,14,30,27,0.48937976
155,37,20,14,30,34,0.50029418
155,37,20,14,30,41,0.51499504
155,37,20,14,30,48,0.53109795
155,37,20,14,30,55,0.54603206
155,37,20,9,30,20,0.50493784
155,37,20,9,30,27,0.51369109
155,37,20,9,30,34,0.52372045
155,37,20,9,30,41,0.53396337
155,37,20,9,30,48,0.54309715
155,37,20,9,30,55,0.5494269
140,37,16,19,40,20,0.26697405
140,37,16,19,40,27,0.27228134
140,37,16,19,40,34,0.28150135
140,37,16,19,40,41,0.29653867
140,37,16,19,40,48,0.31614836
140,37,16,19,40,55,0.33861162
140,37,16,14,40,20,0.27651181
140,37,16,14,40,27,0.2848164
140,37,16,14,40,34,0.29724206
140,37,16,14,40,41,0.31243625
140,37,16,14,40,48,0.32961293
140,37,16,14,40,55,0.34768045
140,37,16,9,40,20,0.27932498
140,37,16,9,40,27,0.28813553
140,37,16,9,40,34,0.29969142
140,37,16,9,40,41,0.31268006
140,37,18,9,40,48,0.32620513
140,37,18,9,40,55,0.33891649
140,37,18,19,40,20,0.25549513
140,37,18,19,40,27,0.25851447
140,37,18,19,40,34,0.26547513
140,37,18,19,40,41,0.27818708
140,37,18,19,40,48,0.29638184
140,37,18,19,40,55,0.31986687
140,37,18,14,40,20,0.26617272
140,37,18,14,40,27,0.27278205
140,37,18,14,40,34,0.28366008
140,37,18,14,40,41,0.29839444
140,37,18,14,40,48,0.31582875
140,37,18,14,40,55,0.33563069
140,37,18,9,40,20,0.27015979
140,37,18,9,40,27,0.27820157
140,37,18,9,40,34,0.28925146
140,37,18,9,40,41,0.30236639
140,37,18,9,40,48,0.31643951
140,37,18,9,40,55,0.33026701
140,37,20,19,40,20,0.24341749
140,37,20,19,40,27,0.24310137
140,37,20,19,40,34,0.24728515
140,37,20,19,40,41,0.25698669
140,37,20,19,40,48,0.27260762
140,37,20,19,40,55,0.29478615
140,37,20,14,40,20,0.25447835
140,37,20,14,40,27,0.25906969
140,37,20,14,40,34,0.26783802
140,37,20,14,40,41,0.28122918
140,37,20,14,40,48,0.2988299
140,37,20,14,40,55,0.31929883
140,37,20,9,40,20,0.26054505
140,37,20,9,40,27,0.26681357
140,37,20,9,40,34,0.277052
140,37,20,9,40,41,0.28993101
140,37,20,9,40,48,0.3048173
140,37,20,9,40,55,0.31961629
145,37,16,19,40,20,0.3639232
145,37,16,19,40,27,0.37100891
145,37,16,19,40,34,0.38273661
145,37,16,19,40,41,0.39893902
145,37,16,19,40,48,0.41990217
145,37,16,19,40,55,0.44183863
145,37,16,14,40,20,0.37964697
145,37,16,14,40,27,0.39002513
145,37,16,14,40,34,0.40389353
145,37,16,14,40,41,0.41932902
145,37,16,14,40,48,0.43598307
145,37,16,14,40,55,0.44969868
145,37,16,9,40,20,0.38267293
145,37,16,9,40,27,0.39263984
145,37,16,9,40,34,0.4043874
145,37,16,9,40,41,0.41540518
145,37,18,9,40,48,0.42546007
145,37,18,9,40,55,0.43153537
145,37,18,19,40,20,0.35057141
145,37,18,19,40,27,0.35522111
145,37,18,19,40,34,0.36414539
145,37,18,19,40,41,0.37830551
145,37,18,19,40,48,0.39817067
145,37,18,19,40,55,0.42116462
145,37,18,14,40,20,0.36732046
145,37,18,14,40,27,0.37661452
145,37,18,14,40,34,0.38971564
145,37,18,14,40,41,0.40562912
145,37,18,14,40,48,0.42378919
145,37,18,14,40,55,0.43997831
145,37,18,9,40,20,0.37292404
145,37,18,9,40,27,0.38220557
145,37,18,9,40,34,0.39465402
145,37,18,9,40,41,0.40691075
145,37,18,9,40,48,0.41887201
145,37,18,9,40,55,0.42642939
145,37,20,19,40,20,0.33677375
145,37,20,19,40,27,0.33823993
145,37,20,19,40,34,0.34348886
145,37,20,19,40,41,0.35393882
145,37,20,19,40,48,0.37118426
145,37,20,19,40,55,0.39314582
145,37,20,14,40,20,0.35384348
145,37,20,14,40,27,0.36092536
145,37,20,14,40,34,0.37234771
145,37,20,14,40,41,0.38765199
145,37,20,14,40,48,0.40698723
145,37,20,14,40,55,0.42555631
145,37,20,9,40,20,0.36124111
145,37,20,9,40,27,0.37021288
145,37,20,9,40,34,0.38256344
145,37,20,9,40,41,0.39554887
145,37,20,9,40,48,0.40935317
145,37,20,9,40,55,0.41981385
150,37,16,19,40,20,0.43020224
150,37,16,19,40,27,0.43769253
150,37,16,19,40,34,0.44954451
150,37,16,19,40,41,0.46659374
150,37,16,19,40,48,0.48786724
150,37,16,19,40,55,0.51102861
150,37,16,14,40,20,0.45729516
150,37,16,14,40,27,0.46892715
150,37,16,14,40,34,0.48303099
150,37,16,14,40,41,0.49841076
150,37,16,14,40,48,0.51341284
150,37,16,14,40,55,0.52574718
150,37,16,9,40,20,0.46742089
150,37,16,9,40,27,0.47767555
150,37,16,9,40,34,0.48851007
150,37,16,9,40,41,0.49779321
150,37,18,9,40,48,0.50521196
150,37,18,9,40,55,0.5094385
150,37,18,19,40,20,0.41460575
150,37,18,19,40,27,0.41887983
150,37,18,19,40,34,0.4273619
150,37,18,19,40,41,0.44171926
150,37,18,19,40,48,0.46188843
150,37,18,19,40,55,0.48672954
150,37,18,14,40,20,0.44301499
150,37,18,14,40,27,0.45337925
150,37,18,14,40,34,0.46711177
150,37,18,14,40,41,0.48334999
150,37,18,14,40,48,0.50059067
150,37,18,14,40,55,0.51629294
150,37,18,9,40,20,0.45639412
150,37,18,9,40,27,0.46706743
150,37,18,9,40,34,0.47867986
150,37,18,9,40,41,0.48984983
150,37,18,9,40,48,0.49899094
150,37,18,9,40,55,0.50525212
150,37,20,19,40,20,0.39960614
150,37,20,19,40,27,0.39995117
150,37,20,19,40,34,0.40357583
150,37,20,19,40,41,0.41303916
150,37,20,19,40,48,0.42935235
150,37,20,19,40,55,0.45292604
150,37,20,14,40,20,0.4272444
150,37,20,14,40,27,0.43524061
150,37,20,14,40,34,0.44717431
150,37,20,14,40,41,0.46337343
150,37,20,14,40,48,0.4823167
150,37,20,14,40,55,0.50150885
150,37,20,9,40,20,0.44378264
150,37,20,9,40,27,0.45395617
150,37,20,9,40,34,0.46604275
150,37,20,9,40,41,0.47882339
150,37,20,9,40,48,0.49064548
150,37,20,9,40,55,0.49954604
155,37,16,19,40,20,0.46748304
155,37,16,19,40,27,0.47522893
155,37,16,19,40,34,0.4879277
155,37,16,19,40,41,0.50610784
155,37,16,19,40,48,0.52871364
155,37,16,19,40,55,0.55198326
155,37,16,14,40,20,0.50598507
155,37,16,14,40,27,0.51843792
155,37,16,14,40,34,0.53326557
155,37,16,14,40,41,0.54861782
155,37,16,14,40,48,0.56328812
155,37,16,14,40,55,0.57407384
155,37,16,9,40,20,0.52276707
155,37,16,9,40,27,0.53331106
155,37,16,9,40,34,0.54359887
155,37,16,9,40,41,0.55234223
155,37,18,9,40,48,0.55870356
155,37,18,9,40,55,0.56120012
155,37,18,19,40,20,0.44960416
155,37,18,19,40,27,0.45333173
155,37,18,19,40,34,0.46187579
155,37,18,19,40,41,0.47715171
155,37,18,19,40,48,0.49873008
155,37,18,19,40,55,0.52411879
155,37,18,14,40,20,0.48941617
155,37,18,14,40,27,0.50047231
155,37,18,14,40,34,0.51526647
155,37,18,14,40,41,0.53231857
155,37,18,14,40,48,0.54976201
155,37,18,14,40,55,0.56411772
155,37,18,9,40,20,0.51101682
155,37,18,9,40,27,0.52196577
155,37,18,9,40,34,0.53366933
155,37,18,9,40,41,0.54441388
155,37,18,9,40,48,0.55281044
155,37,18,9,40,55,0.55731717
155,37,20,19,40,20,0.43364715
155,37,20,19,40,27,0.43257434
155,37,20,19,40,34,0.43488802
155,37,20,19,40,41,0.44405092
155,37,20,19,40,48,0.46091376
155,37,20,19,40,55,0.4852056
155,37,20,14,40,20,0.471091
155,37,20,14,40,27,0.47955723
155,37,20,14,40,34,0.49260527
155,37,20,14,40,41,0.50991354
155,37,20,14,40,48,0.52979983
155,37,20,14,40,55,0.54838847
155,37,20,9,40,20,0.49689162
155,37,20,9,40,27,0.50766868
155,37,20,9,40,34,0.52026913
155,37,20,9,40,41,0.533168
155,37,20,9,40,48,0.54445289
155,37,20,9,40,55,0.5516273
140,37,16,19,50,20,0.24412345
140,37,16,19,50,27,0.2509886
140,37,16,19,50,34,0.26377354
140,37,16,19,50,41,0.28397412
140,37,16,19,50,48,0.31106979
140,37,16,19,50,55,0.34387541
140,37,16,14,50,20,0.25923783
140,37,16,14,50,27,0.27081696
140,37,16,14,50,34,0.28829377
140,37,16,14,50,41,0.31116721
140,37,16,14,50,48,0.33710675
140,37,16,14,50,55,0.36402596
140,37,16,9,50,20,0.26788094
140,37,16,9,50,27,0.28086581
140,37,16,9,50,34,0.2983254
140,37,16,9,50,41,0.31872663
140,37,18,9,50,48,0.33945765
140,37,18,9,50,55,0.35868848
140,37,18,19,50,20,0.23222594
140,37,18,19,50,27,0.23531718
140,37,18,19,50,34,0.24505201
140,37,18,19,50,41,0.26164901
140,37,18,19,50,48,0.28682365
140,37,18,19,50,55,0.31906391
140,37,18,14,50,20,0.24651442
140,37,18,14,50,27,0.25555918
140,37,18,14,50,34,0.27104117
140,37,18,14,50,41,0.29216412
140,37,18,14,50,48,0.31854193
140,37,18,14,50,55,0.34737523
140,37,18,9,50,20,0.25647324
140,37,18,9,50,27,0.26782942
140,37,18,9,50,34,0.28459609
140,37,18,9,50,41,0.30462555
140,37,18,9,50,48,0.326713
140,37,18,9,50,55,0.34792533
140,37,20,19,50,20,0.21966534
140,37,20,19,50,27,0.21875921
140,37,20,19,50,34,0.2234866
140,37,20,19,50,41,0.23544122
140,37,20,19,50,48,0.25666055
140,37,20,19,50,55,0.28621391
140,37,20,14,50,20,0.23336024
140,37,20,14,50,27,0.23839498
140,37,20,14,50,34,0.25058622
140,37,20,14,50,41,0.26896575
140,37,20,14,50,48,0.2944605
140,37,20,14,50,55,0.32453879
140,37,20,9,50,20,0.24407698
140,37,20,9,50,27,0.25306961
140,37,20,9,50,34,0.26795103
140,37,20,9,50,41,0.28716074
140,37,20,9,50,48,0.31008854
140,37,20,9,50,55,0.33355223
145,37,16,19,50,20,0.34689338
145,37,16,19,50,27,0.3555765
145,37,16,19,50,34,0.36972109
145,37,16,19,50,41,0.39004932
145,37,16,19,50,48,0.41631471
145,37,16,19,50,55,0.44457002
145,37,16,14,50,20,0.36531814
145,37,16,14,50,27,0.37868545
145,37,16,14,50,34,0.39674732
145,37,16,14,50,41,0.41756208
145,37,16,14,50,48,0.4393851
145,37,16,14,50,55,0.45783736
145,37,16,9,50,20,0.37133305
145,37,16,9,50,27,0.38452976
145,37,16,9,50,34,0.40026124
145,37,16,9,50,41,0.41532769
145,37,18,9,50,48,0.42842822
145,37,18,9,50,55,0.43658524
145,37,18,19,50,20,0.33299918
145,37,18,19,50,27,0.33859895
145,37,18,19,50,34,0.34935612
145,37,18,19,50,41,0.36623135
145,37,18,19,50,48,0.39074907
145,37,18,19,50,55,0.41945195
145,37,18,14,50,20,0.35162493
145,37,18,14,50,27,0.36306141
145,37,18,14,50,34,0.37997276
145,37,18,14,50,41,0.40064903
145,37,18,14,50,48,0.42433881
145,37,18,14,50,55,0.44598943
145,37,18,9,50,20,0.36004319
145,37,18,9,50,27,0.37273713
145,37,18,9,50,34,0.388853
145,37,18,9,50,41,0.40552429
145,37,18,9,50,48,0.42106588
145,37,18,9,50,55,0.43192379
145,37,20,19,50,20,0.3189092
145,37,20,19,50,27,0.32084583
145,37,20,19,50,34,0.3270633
145,37,20,19,50,41,0.33905748
145,37,20,19,50,48,0.35906987
145,37,20,19,50,55,0.38587799
145,37,20,14,50,20,0.3363264
145,37,20,14,50,27,0.34505962
145,37,20,14,50,34,0.35926376
145,37,20,14,50,41,0.37872769
145,37,20,14,50,48,0.40313034
145,37,20,14,50,55,0.42811621
145,37,20,9,50,20,0.3467952
145,37,20,9,50,27,0.35828251
145,37,20,9,50,34,0.37433788
145,37,20,9,50,41,0.3918503
145,37,20,9,50,48,0.41012719
145,37,20,9,50,55,0.42441397
150,37,16,19,50,20,0.41831429
150,37,16,19,50,27,0.42654411
150,37,16,19,50,34,0.43980778
150,37,16,19,50,41,0.45913873
150,37,16,19,50,48,0.48447707
150,37,16,19,50,55,0.51162297
150,37,16,14,50,20,0.44654075
150,37,16,14,50,27,0.46013844
150,37,16,14,50,34,0.47729226
150,37,16,14,50,41,0.49575649
150,37,16,14,50,48,0.51434389
150,37,16,14,50,55,0.5288067
150,37,16,9,50,20,0.45840279
150,37,16,9,50,27,0.47077161
150,37,16,9,50,34,0.4841264
150,37,16,9,50,41,0.49508519
150,37,18,9,50,48,0.50358418
150,37,18,9,50,55,0.50740729
150,37,18,19,50,20,0.40311161
150,37,18,19,50,27,0.40778789
150,37,18,19,50,34,0.4169342
150,37,18,19,50,41,0.43242033
150,37,18,19,50,48,0.45565132
150,37,18,19,50,55,0.48404005
150,37,18,14,50,20,0.43146569
150,37,18,14,50,27,0.44344867
150,37,18,14,50,34,0.45958622
150,37,18,14,50,41,0.47896126
150,37,18,14,50,48,0.50024428
150,37,18,14,50,55,0.51897868
150,37,18,9,50,20,0.44659418
150,37,18,9,50,27,0.45916405
150,37,18,9,50,34,0.47378076
150,37,18,9,50,41,0.48717601
150,37,18,9,50,48,0.49843605
150,37,18,9,50,55,0.50497637
150,37,20,19,50,20,0.38866467
150,37,20,19,50,27,0.38925106
150,37,20,19,50,34,0.39295642
150,37,20,19,50,41,0.40243534
150,37,20,19,50,48,0.42031801
150,37,20,19,50,55,0.44614091
150,37,20,14,50,20,0.41467697
150,37,20,14,50,27,0.42356214
150,37,20,14,50,34,0.43736494
150,37,20,14,50,41,0.45597756
150,37,20,14,50,48,0.47908363
150,37,20,14,50,55,0.50203601
150,37,20,9,50,20,0.43240973
150,37,20,9,50,27,0.44456043
150,37,20,9,50,34,0.45962526
150,37,20,9,50,41,0.47502174
150,37,20,9,50,48,0.48955619
150,37,20,9,50,55,0.49988103
155,37,16,19,50,20,0.46006744
155,37,16,19,50,27,0.46790385
155,37,16,19,50,34,0.47990725
155,37,16,19,50,41,0.50054811
155,37,16,19,50,48,0.52582799
155,37,16,19,50,55,0.55214248
155,37,16,14,50,20,0.49848732
155,37,16,14,50,27,0.51225389
155,37,16,14,50,34,0.52820457
155,37,16,14,50,41,0.54704286
155,37,16,14,50,48,0.56403437
155,37,16,14,50,55,0.57600244
155,37,16,9,50,20,0.5161654
155,37,16,9,50,27,0.52833778
155,37,16,9,50,34,0.53976371
155,37,16,9,50,41,0.55012811
155,37,18,9,50,48,0.55655966
155,37,18,9,50,55,0.55814455
155,37,18,19,50,20,0.44244453
155,37,18,19,50,27,0.44602994
155,37,18,19,50,34,0.45451234
155,37,18,19,50,41,0.46960201
155,37,18,19,50,48,0.49287855
155,37,18,19,50,55,0.52061747
155,37,18,14,50,20,0.48062206
155,37,18,14,50,27,0.49285463
155,37,18,14,50,34,0.50934343
155,37,18,14,50,41,0.52852344
155,37,18,14,50,48,0.54892512
155,37,18,14,50,55,0.5654603
155,37,18,9,50,20,0.50304735
155,37,18,9,50,27,0.51568154
155,37,18,9,50,34,0.529481
155,37,18,9,50,41,0.54165062
155,37,18,9,50,48,0.55101185
155,37,18,9,50,55,0.5550558
155,37,20,19,50,20,0.4288015
155,37,20,19,50,27,0.4275892
155,37,20,19,50,34,0.42824078
155,37,20,19,50,41,0.43735816
155,37,20,19,50,48,0.4541414
155,37,20,19,50,55,0.47887951
155,37,20,14,50,20,0.462825
155,37,20,14,50,27,0.47183593
155,37,20,14,50,34,0.48468704
155,37,20,14,50,41,0.50455399
155,37,20,14,50,48,0.52747028
155,37,20,14,50,55,0.54894629
155,37,20,9,50,20,0.48866788
155,37,20,9,50,27,0.50091634
155,37,20,9,50,34,0.51476028
155,37,20,9,50,41,0.53058041
155,37,20,9,50,48,0.54347393
155,37,20,9,50,55,0.55119426
140,40,16,19,30,20,0.26823672
140,40,16,19,30,27,0.26861198
140,40,16,19,30,34,0.27184537
140,40,16,19,30,41,0.27873209
140,40,16,19,30,48,0.28998312
140,40,16,19,30,55,0.30535503
140,40,16,14,30,20,0.29869699
140,40,16,14,30,27,0.30268507
140,40,16,14,30,34,0.30997797
140,40,16,14,30,41,0.31944295
140,40,16,14,30,48,0.33261861
140,40,16,14,30,55,0.3470893
140,40,16,9,30,20,0.30991794
140,40,16,9,30,27,0.31544332
140,40,16,9,30,34,0.32250218
140,40,16,9,30,41,0.33102832
140,40,18,9,30,48,0.34135126
140,40,18,9,30,55,0.35160876
140,40,18,19,30,20,0.25292504
140,40,18,19,30,27,0.25123813
140,40,18,19,30,34,0.25235328
140,40,18,19,30,41,0.25700088
140,40,18,19,30,48,0.26632778
140,40,18,19,30,55,0.28015396
140,40,18,14,30,20,0.28633713
140,40,18,14,30,27,0.28956758
140,40,18,14,30,34,0.2956836
140,40,18,14,30,41,0.30440331
140,40,18,14,30,48,0.31727148
140,40,18,14,30,55,0.33192426
140,40,18,9,30,20,0.30070778
140,40,18,9,30,27,0.30574709
140,40,18,9,30,34,0.31273321
140,40,18,9,30,41,0.32082833
140,40,18,9,30,48,0.33196121
140,40,18,9,30,55,0.34266442
140,40,20,19,30,20,0.23657594
140,40,20,19,30,27,0.23241271
140,40,20,19,30,34,0.2303031
140,40,20,19,30,41,0.23200202
140,40,20,19,30,48,0.23779482
140,40,20,19,30,55,0.2490286
140,40,20,14,30,20,0.27254452
140,40,20,14,30,27,0.27419004
140,40,20,14,30,34,0.27856074
140,40,20,14,30,41,0.28584636
140,40,20,14,30,48,0.29757933
140,40,20,14,30,55,0.31283499
140,40,20,9,30,20,0.29093608
140,40,20,9,30,27,0.29457775
140,40,20,9,30,34,0.30124025
140,40,20,9,30,41,0.30889199
140,40,20,9,30,48,0.3201223
140,40,20,9,30,55,0.33166009
145,40,16,19,30,20,0.34184807
145,40,16,19,30,27,0.34268448
145,40,16,19,30,34,0.34635412
145,40,16,19,30,41,0.35405345
145,40,16,19,30,48,0.36622073
145,40,16,19,30,55,0.38304065
145,40,16,14,30,20,0.38261527
145,40,16,14,30,27,0.38969834
145,40,16,14,30,34,0.39973426
145,40,16,14,30,41,0.41198846
145,40,16,14,30,48,0.42778712
145,40,16,14,30,55,0.44364355
145,40,16,9,30,20,0.3988142
145,40,16,9,30,27,0.40697994
145,40,16,9,30,34,0.41674768
145,40,16,9,30,41,0.42645079
145,40,18,9,30,48,0.43744649
145,40,18,9,30,55,0.44635613
145,40,18,19,30,20,0.32620873
145,40,18,19,30,27,0.32462844
145,40,18,19,30,34,0.32520791
145,40,18,19,30,41,0.32943229
145,40,18,19,30,48,0.33821841
145,40,18,19,30,55,0.351726
145,40,18,14,30,20,0.36868407
145,40,18,14,30,27,0.37427374
145,40,18,14,30,34,0.38307662
145,40,18,14,30,41,0.39459204
145,40,18,14,30,48,0.41036464
145,40,18,14,30,55,0.42742012
145,40,18,9,30,20,0.38861495
145,40,18,9,30,27,0.39646858
145,40,18,9,30,34,0.40633546
145,40,18,9,30,41,0.41626683
145,40,18,9,30,48,0.42870712
145,40,18,9,30,55,0.43879121
145,40,20,19,30,20,0.31063065
145,40,20,19,30,27,0.30631597
145,40,20,19,30,34,0.30303738
145,40,20,19,30,41,0.30300645
145,40,20,19,30,48,0.30614907
145,40,20,19,30,55,0.31446608
145,40,20,14,30,20,0.35300452
145,40,20,14,30,27,0.35632115
145,40,20,14,30,34,0.36270492
145,40,20,14,30,41,0.3728002
145,40,20,14,30,48,0.38757966
145,40,20,14,30,55,0.40492143
145,40,20,9,30,20,0.37668886
145,40,20,9,30,27,0.38357886
145,40,20,9,30,34,0.39301133
145,40,20,9,30,41,0.40357191
145,40,20,9,30,48,0.41701593
145,40,20,9,30,55,0.42867275
150,40,16,19,30,20,0.38829423
150,40,16,19,30,27,0.38741481
150,40,16,19,30,34,0.38961735
150,40,16,19,30,41,0.39693044
150,40,16,19,30,48,0.40820835
150,40,16,19,30,55,0.4268656
150,40,16,14,30,20,0.44470117
150,40,16,14,30,27,0.45250371
150,40,16,14,30,34,0.464201
150,40,16,14,30,41,0.47867611
150,40,16,14,30,48,0.49541089
150,40,16,14,30,55,0.51332449
150,40,16,9,30,20,0.47341114
150,40,16,9,30,27,0.48280903
150,40,16,9,30,34,0.49383024
150,40,16,9,30,41,0.50413067
150,40,18,9,30,48,0.51462184
150,40,18,9,30,55,0.52294201
150,40,18,19,30,20,0.37303895
150,40,18,19,30,27,0.36912056
150,40,18,19,30,34,0.36700514
150,40,18,19,30,41,0.36882579
150,40,18,19,30,48,0.37461929
150,40,18,19,30,55,0.38821587
150,40,18,14,30,20,0.42824381
150,40,18,14,30,27,0.43405372
150,40,18,14,30,34,0.44396157
150,40,18,14,30,41,0.4574168
150,40,18,14,30,48,0.47431079
150,40,18,14,30,55,0.49416544
150,40,18,9,30,20,0.46139647
150,40,18,9,30,27,0.47034617
150,40,18,9,30,34,0.48189279
150,40,18,9,30,41,0.49331055
150,40,18,9,30,48,0.50523652
150,40,18,9,30,55,0.51584062
150,40,20,19,30,20,0.36013812
150,40,20,19,30,27,0.35331573
150,40,20,19,30,34,0.34622633
150,40,20,19,30,41,0.34222774
150,40,20,19,30,48,0.34017398
150,40,20,19,30,55,0.34502203
150,40,20,14,30,20,0.41033192
150,40,20,14,30,27,0.41315815
150,40,20,14,30,34,0.41955872
150,40,20,14,30,41,0.4307499
150,40,20,14,30,48,0.44626177
150,40,20,14,30,55,0.46667944
150,40,20,9,30,20,0.44712341
150,40,20,9,30,27,0.45512539
150,40,20,9,30,34,0.46636499
150,40,20,9,30,41,0.47859111
150,40,20,9,30,48,0.49236286
150,40,20,9,30,55,0.50539113
155,40,16,19,30,20,0.40965334
155,40,16,19,30,27,0.40716484
155,40,16,19,30,34,0.40794822
155,40,16,19,30,41,0.41513474
155,40,16,19,30,48,0.42670939
155,40,16,19,30,55,0.44612411
155,40,16,14,30,20,0.48015489
155,40,16,14,30,27,0.48918657
155,40,16,14,30,34,0.50191423
155,40,16,14,30,41,0.51875363
155,40,16,14,30,48,0.53721231
155,40,16,14,30,55,0.55559552
155,40,16,9,30,20,0.52150194
155,40,16,9,30,27,0.53209536
155,40,16,9,30,34,0.54342696
155,40,16,9,30,41,0.55470745
155,40,18,9,30,48,0.56504749
155,40,18,9,30,55,0.57250638
155,40,18,19,30,20,0.39537679
155,40,18,19,30,27,0.38915415
155,40,18,19,30,34,0.3841813
155,40,18,19,30,41,0.38404435
155,40,18,19,30,48,0.38798261
155,40,18,19,30,55,0.40071004
155,40,18,14,30,20,0.46110789
155,40,18,14,30,27,0.467505
155,40,18,14,30,34,0.47789508
155,40,18,14,30,41,0.49365054
155,40,18,14,30,48,0.51263132
155,40,18,14,30,55,0.53378917
155,40,18,9,30,20,0.50770228
155,40,18,9,30,27,0.51814821
155,40,18,9,30,34,0.53031113
155,40,18,9,30,41,0.5429666
155,40,18,9,30,48,0.55534539
155,40,18,9,30,55,0.56517181
155,40,20,19,30,20,0.38615295
155,40,20,19,30,27,0.37630134
155,40,20,19,30,34,0.36585275
155,40,20,19,30,41,0.35788249
155,40,20,19,30,48,0.3516698
155,40,20,19,30,55,0.35254505
155,40,20,14,30,20,0.44100407
155,40,20,14,30,27,0.44332155
155,40,20,14,30,34,0.44923734
155,40,20,14,30,41,0.46203335
155,40,20,14,30,48,0.47920931
155,40,20,14,30,55,0.50143304
155,40,20,9,30,20,0.49073578
155,40,20,9,30,27,0.50017754
155,40,20,9,30,34,0.51215685
155,40,20,9,30,41,0.52629289
155,40,20,9,30,48,0.54105832
155,40,20,9,30,55,0.55395946
140,40,16,19,40,20,0.23362433
140,40,16,19,40,27,0.2334728
140,40,16,19,40,34,0.23779165
140,40,16,19,40,41,0.24773696
140,40,16,19,40,48,0.262835
140,40,16,19,40,55,0.28475257
140,40,16,14,40,20,0.26906403
140,40,16,14,40,27,0.27562375
140,40,16,14,40,34,0.28638935
140,40,16,14,40,41,0.30245773
140,40,16,14,40,48,0.32292939
140,40,16,14,40,55,0.34570116
140,40,16,9,40,20,0.28962162
140,40,16,9,40,27,0.29889668
140,40,16,9,40,34,0.31175136
140,40,16,9,40,41,0.32709551
140,40,18,9,40,48,0.34512399
140,40,18,9,40,55,0.36270738
140,40,18,19,40,20,0.21909745
140,40,18,19,40,27,0.21614175
140,40,18,19,40,34,0.21703681
140,40,18,19,40,41,0.22302803
140,40,18,19,40,48,0.2358393
140,40,18,19,40,55,0.25460729
140,40,18,14,40,20,0.25500869
140,40,18,14,40,27,0.25932032
140,40,18,14,40,34,0.26831987
140,40,18,14,40,41,0.28199608
140,40,18,14,40,48,0.30187231
140,40,18,14,40,55,0.32497609
140,40,18,9,40,20,0.2779014
140,40,18,9,40,27,0.28578278
140,40,18,9,40,34,0.29787697
140,40,18,9,40,41,0.31263507
140,40,18,9,40,48,0.33103769
140,40,18,9,40,55,0.35006937
140,40,20,19,40,20,0.20515694
140,40,20,19,40,27,0.19886404
140,40,20,19,40,34,0.19541614
140,40,20,19,40,41,0.19738782
140,40,20,19,40,48,0.2048389
140,40,20,19,40,55,0.21944667
140,40,20,14,40,20,0.2405241
140,40,20,14,40,27,0.24148524
140,40,20,14,40,34,0.24721003
140,40,20,14,40,41,0.25801734
140,40,20,14,40,48,0.27545541
140,40,20,14,40,55,0.29798536
140,40,20,9,40,20,0.264704
140,40,20,9,40,27,0.27060202
140,40,20,9,40,34,0.28084594
140,40,20,9,40,41,0.29486788
140,40,20,9,40,48,0.31373659
140,40,20,9,40,55,0.33370345
145,40,16,19,40,20,0.3211383
145,40,16,19,40,27,0.32151096
145,40,16,19,40,34,0.32556402
145,40,16,19,40,41,0.33508129
145,40,16,19,40,48,0.35018737
145,40,16,19,40,55,0.37045535
145,40,16,14,40,20,0.36388421
145,40,16,14,40,27,0.3726256
145,40,16,14,40,34,0.38642203
145,40,16,14,40,41,0.40382435
145,40,16,14,40,48,0.42589632
145,40,16,14,40,55,0.44776924
145,40,16,9,40,20,0.38718239
145,40,16,9,40,27,0.39879625
145,40,16,9,40,34,0.41356812
145,40,16,9,40,41,0.42843503
145,40,18,9,40,48,0.44467994
145,40,18,9,40,55,0.4572997
145,40,18,19,40,20,0.30662371
145,40,18,19,40,27,0.3043594
145,40,18,19,40,34,0.3045921
145,40,18,19,40,41,0.3088502
145,40,18,19,40,48,0.31923051
145,40,18,19,40,55,0.33515313
145,40,18,14,40,20,0.34838513
145,40,18,14,40,27,0.3549907
145,40,18,14,40,34,0.36595959
145,40,18,14,40,41,0.38173592
145,40,18,14,40,48,0.40323285
145,40,18,14,40,55,0.4265653
145,40,18,9,40,20,0.3745306
145,40,18,9,40,27,0.38521412
145,40,18,9,40,34,0.3995718
145,40,18,9,40,41,0.41533532
145,40,18,9,40,48,0.43335899
145,40,18,9,40,55,0.44827718
145,40,20,19,40,20,0.29365865
145,40,20,19,40,27,0.28839992
145,40,20,19,40,34,0.28452389
145,40,20,19,40,41,0.28386572
145,40,20,19,40,48,0.28741003
145,40,20,19,40,55,0.29649206
145,40,20,14,40,20,0.33217734
145,40,20,14,40,27,0.33558475
145,40,20,14,40,34,0.34299367
145,40,20,14,40,41,0.35587209
145,40,20,14,40,48,0.37522925
145,40,20,14,40,55,0.39818444
145,40,20,9,40,20,0.36008338
145,40,20,9,40,27,0.36917102
145,40,20,9,40,34,0.38237508
145,40,20,9,40,41,0.39827089
145,40,20,9,40,48,0.41788132
145,40,20,9,40,55,0.43524475
150,40,16,19,40,20,0.37567677
150,40,16,19,40,27,0.37399527
150,40,16,19,40,34,0.37513883
150,40,16,19,40,41,0.38302908
150,40,16,19,40,48,0.3953599
150,40,16,19,40,55,0.41575512
150,40,16,14,40,20,0.43105133
150,40,16,14,40,27,0.44041019
150,40,16,14,40,34,0.45416961
150,40,16,14,40,41,0.47267326
150,40,16,14,40,48,0.49425545
150,40,16,14,40,55,0.5167058
150,40,16,9,40,20,0.46571467
150,40,16,9,40,27,0.4782784
150,40,16,9,40,34,0.49246884
150,40,16,9,40,41,0.506575
150,40,18,9,40,48,0.52021567
150,40,18,9,40,55,0.53051878
150,40,18,19,40,20,0.36234987
150,40,18,19,40,27,0.35756214
150,40,18,19,40,34,0.35382777
150,40,18,19,40,41,0.35549201
150,40,18,19,40,48,0.36079998
150,40,18,19,40,55,0.37424905
150,40,18,14,40,20,0.41349839
150,40,18,14,40,27,0.41993819
150,40,18,14,40,34,0.43068577
150,40,18,14,40,41,0.44737205
150,40,18,14,40,48,0.46864677
150,40,18,14,40,55,0.49321606
150,40,18,9,40,20,0.45138555
150,40,18,9,40,27,0.46327979
150,40,18,9,40,34,0.47779796
150,40,18,9,40,41,0.4932236
150,40,18,9,40,48,0.50922151
150,40,18,9,40,55,0.52249955
150,40,20,19,40,20,0.35243615
150,40,20,19,40,27,0.34504592
150,40,20,19,40,34,0.33731384
150,40,20,19,40,41,0.33197171
150,40,20,19,40,48,0.32900047
150,40,20,19,40,55,0.3326653
150,40,20,14,40,20,0.39599412
150,40,20,14,40,27,0.39868504
150,40,20,14,40,34,0.40498288
150,40,20,14,40,41,0.41784409
150,40,20,14,40,48,0.43616089
150,40,20,14,40,55,0.46092355
150,40,20,9,40,20,0.43477689
150,40,20,9,40,27,0.44490676
150,40,20,9,40,34,0.45881325
150,40,20,9,40,41,0.47528636
150,40,20,9,40,48,0.49343091
150,40,20,9,40,55,0.51031613
155,40,16,19,40,20,0.40262368
155,40,16,19,40,27,0.39906924
155,40,16,19,40,34,0.39822533
155,40,16,19,40,41,0.40436181
155,40,16,19,40,48,0.4153599
155,40,16,19,40,55,0.43565688
155,40,16,14,40,20,0.46936637
155,40,16,14,40,27,0.47917347
155,40,16,14,40,34,0.49372988
155,40,16,14,40,41,0.5135621
155,40,16,14,40,48,0.5358338
155,40,16,14,40,55,0.55854378
155,40,16,9,40,20,0.51569329
155,40,16,9,40,27,0.52868084
155,40,16,9,40,34,0.54309961
155,40,16,9,40,41,0.55697267
155,40,18,9,40,48,0.56952981
155,40,18,9,40,55,0.57822622
155,40,18,19,40,20,0.39093859
155,40,18,19,40,27,0.38345125
155,40,18,19,40,34,0.37713339
155,40,18,19,40,41,0.37542603
155,40,18,19,40,48,0.37757079
155,40,18,19,40,55,0.38866931
155,40,18,14,40,20,0.44956067
155,40,18,14,40,27,0.45577668
155,40,18,14,40,34,0.46689377
155,40,18,14,40,41,0.48475041
155,40,18,14,40,48,0.50711884
155,40,18,14,40,55,0.53245968
155,40,18,9,40,20,0.49943383
155,40,18,9,40,27,0.51199221
155,40,18,9,40,34,0.52714606
155,40,18,9,40,41,0.54299434
155,40,18,9,40,48,0.55843264
155,40,18,9,40,55,0.57027891
155,40,20,19,40,20,0.38478238
155,40,20,19,40,27,0.3749747
155,40,20,19,40,34,0.36396933
155,40,20,19,40,41,0.35449271
155,40,20,19,40,48,0.34639813
155,40,20,19,40,55,0.34467842
155,40,20,14,40,20,0.4307669
155,40,20,14,40,27,0.4322701
155,40,20,14,40,34,0.43792727
155,40,20,14,40,41,0.45123729
155,40,20,14,40,48,0.47018279
155,40,20,14,40,55,0.49579694
155,40,20,9,40,20,0.48068343
155,40,20,9,40,27,0.491642
155,40,20,9,40,34,0.50632065
155,40,20,9,40,41,0.52375929
155,40,20,9,40,48,0.54194752
155,40,20,9,40,55,0.55777209
140,40,16,19,50,20,0.20776167
140,40,16,19,50,27,0.20771171
140,40,16,19,50,34,0.21330103
140,40,16,19,50,41,0.22593439
140,40,16,19,50,48,0.24620735
140,40,16,19,50,55,0.27439782
140,40,16,14,50,20,0.24659554
140,40,16,14,50,27,0.25513245
140,40,16,14,50,34,0.27023708
140,40,16,14,50,41,0.29200531
140,40,16,14,50,48,0.32029418
140,40,16,14,50,55,0.35287065
140,40,16,9,50,20,0.27434069
140,40,16,9,50,27,0.28739093
140,40,16,9,50,34,0.30635356
140,40,16,9,50,41,0.3297538
140,40,18,9,50,48,0.35601743
140,40,18,9,50,55,0.38223097
140,40,18,19,50,20,0.19412911
140,40,18,19,50,27,0.19074891
140,40,18,19,50,34,0.19172609
140,40,18,19,50,41,0.19984597
140,40,18,19,50,48,0.21619257
140,40,18,19,50,55,0.24040499
140,40,18,14,50,20,0.23125995
140,40,18,14,50,27,0.23651751
140,40,18,14,50,34,0.24820606
140,40,18,14,50,41,0.26696557
140,40,18,14,50,48,0.29336146
140,40,18,14,50,55,0.32582832
140,40,18,9,50,20,0.26053629
140,40,18,9,50,27,0.27090235
140,40,18,9,50,34,0.28810283
140,40,18,9,50,41,0.31025678
140,40,18,9,50,48,0.33716533
140,40,18,9,50,55,0.36531878
140,40,20,19,50,20,0.18192996
140,40,20,19,50,27,0.17419724
140,40,20,19,50,34,0.17005985
140,40,20,19,50,41,0.17218423
140,40,20,19,50,48,0.1824286
140,40,20,19,50,55,0.20166248
140,40,20,14,50,20,0.216327
140,40,20,14,50,27,0.21683332
140,40,20,14,50,34,0.2237756
140,40,20,14,50,41,0.23823889
140,40,20,14,50,48,0.26115049
140,40,20,14,50,55,0.29186812
140,40,20,9,50,20,0.24548183
140,40,20,9,50,27,0.25294315
140,40,20,9,50,34,0.26658337
140,40,20,9,50,41,0.28682783
140,40,20,9,50,48,0.31333099
140,40,20,9,50,55,0.34294934
145,40,16,19,50,20,0.3047632
145,40,16,19,50,27,0.30600578
145,40,16,19,50,34,0.31130138
145,40,16,19,50,41,0.32151623
145,40,16,19,50,48,0.33808716
145,40,16,19,50,55,0.36131706
145,40,16,14,50,20,0.34731455
145,40,16,14,50,27,0.35829364
145,40,16,14,50,34,0.37508889
145,40,16,14,50,41,0.39696377
145,40,16,14,50,48,0.42406859
145,40,16,14,50,55,0.45235864
145,40,16,9,50,20,0.37479609
145,40,16,9,50,27,0.38982489
145,40,16,9,50,34,0.40919288
145,40,16,9,50,41,0.42980842
145,40,18,9,50,48,0.45093632
145,40,18,9,50,55,0.46785134
145,40,18,19,50,20,0.29134749
145,40,18,19,50,27,0.28960809
145,40,18,19,50,34,0.29059049
145,40,18,19,50,41,0.29603562
145,40,18,19,50,48,0.30687212
145,40,18,19,50,55,0.32453181
145,40,18,14,50,20,0.33115552
145,40,18,14,50,27,0.33884883
145,40,18,14,50,34,0.35241287
145,40,18,14,50,41,0.37178841
145,40,18,14,50,48,0.39770654
145,40,18,14,50,55,0.42664775
145,40,18,9,50,20,0.36018158
145,40,18,9,50,27,0.37358804
145,40,18,9,50,34,0.39240322
145,40,18,9,50,41,0.41361899
145,40,18,9,50,48,0.43697888
145,40,18,9,50,55,0.45699871
145,40,20,19,50,20,0.27919533
145,40,20,19,50,27,0.27448361
145,40,20,19,50,34,0.27110255
145,40,20,19,50,41,0.27081954
145,40,20,19,50,48,0.27520611
145,40,20,19,50,55,0.28580803
145,40,20,14,50,20,0.31442413
145,40,20,14,50,27,0.31855392
145,40,20,14,50,34,0.32729257
145,40,20,14,50,41,0.34248243
145,40,20,14,50,48,0.36482826
145,40,20,14,50,55,0.39289588
145,40,20,9,50,20,0.34372546
145,40,20,9,50,27,0.35491417
145,40,20,9,50,34,0.37154793
145,40,20,9,50,41,0.39249832
145,40,20,9,50,48,0.41727004
145,40,20,9,50,55,0.44088664
150,40,16,19,50,20,0.36722604
150,40,16,19,50,27,0.3657528
150,40,16,19,50,34,0.36726934
150,40,16,19,50,41,0.37377524
150,40,16,19,50,48,0.38661128
150,40,16,19,50,55,0.40677908
150,40,16,14,50,20,0.41917935
150,40,16,14,50,27,0.42950002
150,40,16,14,50,34,0.4451716
150,40,16,14,50,41,0.46610688
150,40,16,14,50,48,0.49201794
150,40,16,14,50,55,0.51866571
150,40,16,9,50,20,0.4562416
150,40,16,9,50,27,0.47094528
150,40,16,9,50,34,0.48832716
150,40,16,9,50,41,0.50590558
150,40,18,9,50,48,0.52285001
150,40,18,9,50,55,0.53483161
150,40,18,19,50,20,0.3557116
150,40,18,19,50,27,0.35159647
150,40,18,19,50,34,0.34838576
150,40,18,19,50,41,0.348523
150,40,18,19,50,48,0.3543552
150,40,18,19,50,55,0.36690568
150,40,18,14,50,20,0.40193557
150,40,18,14,50,27,0.40871459
150,40,18,14,50,34,0.42073155
150,40,18,14,50,41,0.43875572
150,40,18,14,50,48,0.46359714
150,40,18,14,50,55,0.49193707
150,40,18,9,50,20,0.44048227
150,40,18,9,50,27,0.45435963
150,40,18,9,50,34,0.47186429
150,40,18,9,50,41,0.49067393
150,40,18,9,50,48,0.51063978
150,40,18,9,50,55,0.52652475
150,40,20,19,50,20,0.34680376
150,40,20,19,50,27,0.34011972
150,40,20,19,50,34,0.33315799
150,40,20,19,50,41,0.32789502
150,40,20,19,50,48,0.32534521
150,40,20,19,50,55,0.32804896
150,40,20,14,50,20,0.38492578
150,40,20,14,50,27,0.38783732
150,40,20,14,50,34,0.39429221
150,40,20,14,50,41,0.4075784
150,40,20,14,50,48,0.42827597
150,40,20,14,50,55,0.45558642
150,40,20,9,50,20,0.4227279
150,40,20,9,50,27,0.43427455
150,40,20,9,50,34,0.45049422
150,40,20,9,50,41,0.4700503
150,40,20,9,50,48,0.49253837
150,40,20,9,50,55,0.51284449
155,40,16,19,50,20,0.39973602
155,40,16,19,50,27,0.39623254
155,40,16,19,50,34,0.39479848
155,40,16,19,50,41,0.39866862
155,40,16,19,50,48,0.40825191
155,40,16,19,50,55,0.42628667
155,40,16,14,50,20,0.46033453
155,40,16,14,50,27,0.4704212
155,40,16,14,50,34,0.48595059
155,40,16,14,50,41,0.50714896
155,40,16,14,50,48,0.53251873
155,40,16,14,50,55,0.55843305
155,40,16,9,50,20,0.50797309
155,40,16,9,50,27,0.52246763
155,40,16,9,50,34,0.53923118
155,40,16,9,50,41,0.55561851
155,40,18,9,50,48,0.57023168
155,40,18,9,50,55,0.57973677
155,40,18,19,50,20,0.39047011
155,40,18,19,50,27,0.38380776
155,40,18,19,50,34,0.37746418
155,40,18,19,50,41,0.37413579
155,40,18,19,50,48,0.37534676
155,40,18,19,50,55,0.38370692
155,40,18,14,50,20,0.44192584
155,40,18,14,50,27,0.44805302
155,40,18,14,50,34,0.45941877
155,40,18,14,50,41,0.47738951
155,40,18,14,50,48,0.50206334
155,40,18,14,50,55,0.53014165
155,40,18,9,50,20,0.4912621
155,40,18,9,50,27,0.50505825
155,40,18,9,50,34,0.52235716
155,40,18,9,50,41,0.54054645
155,40,18,9,50,48,0.55874798
155,40,18,9,50,55,0.57227317
155,40,20,19,50,20,0.38499808
155,40,20,19,50,27,0.37624846
155,40,20,19,50,34,0.36610312
155,40,20,19,50,41,0.35681537
155,40,20,19,50,48,0.34872438
155,40,20,19,50,55,0.3450756
155,40,20,14,50,20,0.4243897
155,40,20,14,50,27,0.42565134
155,40,20,14,50,34,0.43077465
155,40,20,14,50,41,0.44310927
155,40,20,14,50,48,0.46312863
155,40,20,14,50,55,0.49007586
155,40,20,9,50,20,0.47166502
155,40,20,9,50,27,0.48330695
155,40,20,9,50,34,0.49946866
155,40,20,9,50,41,0.51903881
155,40,20,9,50,48,0.54051745
155,40,20,9,50,55,0.55898751
140,43,16,19,30,20,0.17985338
140,43,16,19,30,27,0.17142096
140,43,16,19,30,34,0.16427791
140,43,16,19,30,41,0.15924001
140,43,16,19,30,48,0.15778077
140,43,16,19,30,55,0.16090013
140,43,16,14,30,20,0.26156093
140,43,16,14,30,27,0.26140126
140,43,16,14,30,34,0.26439402
140,43,16,14,30,41,0.27113399
140,43,16,14,30,48,0.28163425
140,43,16,14,30,55,0.29585549
140,43,16,9,30,20,0.31105002
140,43,16,9,30,27,0.31626541
140,43,16,9,30,34,0.32317339
140,43,16,9,30,41,0.33349333
140,43,18,9,30,48,0.34530392
140,43,18,9,30,55,0.35955681
140,43,18,19,30,20,0.16387143
140,43,18,19,30,27,0.153552
140,43,18,19,30,34,0.14380802
140,43,18,19,30,41,0.13510805
140,43,18,19,30,48,0.12930484
140,43,18,19,30,55,0.12838996
140,43,18,14,30,20,0.24479908
140,43,18,14,30,27,0.24284013
140,43,18,14,30,34,0.2436273
140,43,18,14,30,41,0.2478855
140,43,18,14,30,48,0.2563543
140,43,18,14,30,55,0.26924347
140,43,18,9,30,20,0.29859764
140,43,18,9,30,27,0.30237897
140,43,18,9,30,34,0.30847222
140,43,18,9,30,41,0.31784371
140,43,18,9,30,48,0.33008405
140,43,18,9,30,55,0.34439564
140,43,20,19,30,20,0.15070934
140,43,20,19,30,27,0.13875006
140,43,20,19,30,34,0.12603263
140,43,20,19,30,41,0.11324463
140,43,20,19,30,48,0.10200422
140,43,20,19,30,55,0.095378792
140,43,20,14,30,20,0.22731507
140,43,20,14,30,27,0.22302108
140,43,20,14,30,34,0.22064455
140,43,20,14,30,41,0.2217923
140,43,20,14,30,48,0.22720876
140,43,20,14,30,55,0.2378904
140,43,20,9,30,20,0.28435376
140,43,20,9,30,27,0.28637948
140,43,20,9,30,34,0.2912893
140,43,20,9,30,41,0.29914214
140,43,20,9,30,48,0.31110832
140,43,20,9,30,55,0.32561536
145,43,16,19,30,20,0.25129057
145,43,16,19,30,27,0.24268607
145,43,16,19,30,34,0.23395654
145,43,16,19,30,41,0.22536345
145,43,16,19,30,48,0.21825201
145,43,16,19,30,55,0.21281173
145,43,16,14,30,20,0.33102304
145,43,16,14,30,27,0.33249905
145,43,16,14,30,34,0.33720327
145,43,16,14,30,41,0.3450846
145,43,16,14,30,48,0.3581012
145,43,16,14,30,55,0.374958
145,43,16,9,30,20,0.38863916
145,43,16,9,30,27,0.39679648
145,43,16,9,30,34,0.40769652
145,43,16,9,30,41,0.42080477
145,43,18,9,30,48,0.43574935
145,43,18,9,30,55,0.45057859
145,43,18,19,30,20,0.2413774
145,43,18,19,30,27,0.23142859
145,43,18,19,30,34,0.22051254
145,43,18,19,30,41,0.20865931
145,43,18,19,30,48,0.19752512
145,43,18,19,30,55,0.18622864
145,43,18,14,30,20,0.31423504
145,43,18,14,30,27,0.31332803
145,43,18,14,30,34,0.31501221
145,43,18,14,30,41,0.31956631
145,43,18,14,30,48,0.32989109
145,43,18,14,30,55,0.34412834
145,43,18,9,30,20,0.37450993
145,43,18,9,30,27,0.38145606
145,43,18,9,30,34,0.39128203
145,43,18,9,30,41,0.40395342
145,43,18,9,30,48,0.41975306
145,43,18,9,30,55,0.43564622
145,43,20,19,30,20,0.23497636
145,43,20,19,30,27,0.22414064
145,43,20,19,30,34,0.2115726
145,43,20,19,30,41,0.19744868
145,43,20,19,30,48,0.18253043
145,43,20,19,30,55,0.16569322
145,43,20,14,30,20,0.29731436
145,43,20,14,30,27,0.29387272
145,43,20,14,30,34,0.29169671
145,43,20,14,30,41,0.29224897
145,43,20,14,30,48,0.29792399
145,43,20,14,30,55,0.30754147
145,43,20,9,30,20,0.35820521
145,43,20,9,30,27,0.36323788
145,43,20,9,30,34,0.37126153
145,43,20,9,30,41,0.38282924
145,43,20,9,30,48,0.39842819
145,43,20,9,30,55,0.41550229
150,43,16,19,30,20,0.30248354
150,43,16,19,30,27,0.2920548
150,43,16,19,30,34,0.27987539
150,43,16,19,30,41,0.26626642
150,43,16,19,30,48,0.25242786
150,43,16,19,30,55,0.23905139
150,43,16,14,30,20,0.37867971
150,43,16,14,30,27,0.37892453
150,43,16,14,30,34,0.38252167
150,43,16,14,30,41,0.39038481
150,43,16,14,30,48,0.40372319
150,43,16,14,30,55,0.42213996
150,43,16,9,30,20,0.45322927
150,43,16,9,30,27,0.46249048
150,43,16,9,30,34,0.47530768
150,43,16,9,30,41,0.49009348
150,43,18,9,30,48,0.50633161
150,43,18,9,30,55,0.52190435
150,43,18,19,30,20,0.29952259
150,43,18,19,30,27,0.28866324
150,43,18,19,30,34,0.27506278
150,43,18,19,30,41,0.25964678
150,43,18,19,30,48,0.24189985
150,43,18,19,30,55,0.2228238
150,43,18,14,30,20,0.36232334
150,43,18,14,30,27,0.35962041
150,43,18,14,30,34,0.35880175
150,43,18,14,30,41,0.36187299
150,43,18,14,30,48,0.37061837
150,43,18,14,30,55,0.38511767
150,43,18,9,30,20,0.43663957
150,43,18,9,30,27,0.44437757
150,43,18,9,30,34,0.45604749
150,43,18,9,30,41,0.47057331
150,43,18,9,30,48,0.48780926
150,43,18,9,30,55,0.50562133
150,43,20,19,30,20,0.30082955
150,43,20,19,30,27,0.29011391
150,43,20,19,30,34,0.27641989
150,43,20,19,30,41,0.26028186
150,43,20,19,30,48,0.24092803
150,43,20,19,30,55,0.21867519
150,43,20,14,30,20,0.347743
150,43,20,14,30,27,0.34196887
150,43,20,14,30,34,0.33664221
150,43,20,14,30,41,0.33421884
150,43,20,14,30,48,0.33567045
150,43,20,14,30,55,0.34314914
150,43,20,9,30,20,0.41788013
150,43,20,9,30,27,0.42318299
150,43,20,9,30,34,0.43233431
150,43,20,9,30,41,0.44560589
150,43,20,9,30,48,0.46268501
150,43,20,9,30,55,0.48230682
155,43,16,19,30,20,0.33312199
155,43,16,19,30,27,0.32069657
155,43,16,19,30,34,0.30580252
155,43,16,19,30,41,0.28817777
155,43,16,19,30,48,0.27038879
155,43,16,19,30,55,0.25056823
155,43,16,14,30,20,0.40188665
155,43,16,14,30,27,0.40094483
155,43,16,14,30,34,0.40332091
155,43,16,14,30,41,0.41084264
155,43,16,14,30,48,0.42602466
155,43,16,14,30,55,0.44571356
155,43,16,9,30,20,0.49261184
155,43,16,9,30,27,0.50353736
155,43,16,9,30,34,0.51727659
155,43,16,9,30,41,0.53373022
155,43,18,9,30,48,0.55215402
155,43,18,9,30,55,0.56798251
155,43,18,19,30,20,0.3363955
155,43,18,19,30,27,0.32413395
155,43,18,19,30,34,0.30911041
155,43,18,19,30,41,0.29079362
155,43,18,19,30,48,0.26900314
155,43,18,19,30,55,0.24425561
155,43,18,14,30,20,0.38612705
155,43,18,14,30,27,0.38134184
155,43,18,14,30,34,0.37859748
155,43,18,14,30,41,0.37991777
155,43,18,14,30,48,0.38767242
155,43,18,14,30,55,0.401989
155,43,18,9,30,20,0.473441
155,43,18,9,30,27,0.48231578
155,43,18,9,30,34,0.49485974
155,43,18,9,30,41,0.51136699
155,43,18,9,30,48,0.53032574
155,43,18,9,30,55,0.54904868
155,43,20,19,30,20,0.34439098
155,43,20,19,30,27,0.33317886
155,43,20,19,30,34,0.31900338
155,43,20,19,30,41,0.301435
155,43,20,19,30,48,0.27982694
155,43,20,19,30,55,0.25412246
155,43,20,14,30,20,0.37461887
155,43,20,14,30,27,0.36619514
155,43,20,14,30,34,0.35771068
155,43,20,14,30,41,0.3521879
155,43,20,14,30,48,0.35037256
155,43,20,14,30,55,0.35511396
155,43,20,9,30,20,0.45203053
155,43,20,9,30,27,0.45775042
155,43,20,9,30,34,0.46721471
155,43,20,9,30,41,0.48228976
155,43,20,9,30,48,0.50156058
155,43,20,9,30,55,0.52261385
140,43,16,19,40,20,0.15198509
140,43,16,19,40,27,0.14129525
140,43,16,19,40,34,0.13199146
140,43,16,19,40,41,0.12610455
140,43,16,19,40,48,0.12534292
140,43,16,19,40,55,0.13142533
140,43,16,14,40,20,0.22458441
140,43,16,14,40,27,0.22392285
140,43,16,14,40,34,0.22793342
140,43,16,14,40,41,0.23715391
140,43,16,14,40,48,0.25252727
140,43,16,14,40,55,0.27359955
140,43,16,9,40,20,0.28197758
140,43,16,9,40,27,0.28914429
140,43,16,9,40,34,0.30093744
140,43,16,9,40,41,0.31773887
140,43,18,9,40,48,0.337834
140,43,18,9,40,55,0.36050058
140,43,18,19,40,20,0.14104875
140,43,18,19,40,27,0.12836295
140,43,18,19,40,34,0.11592987
140,43,18,19,40,41,0.10523109
140,43,18,19,40,48,0.099043025
140,43,18,19,40,55,0.10031923
140,43,18,14,40,20,0.2087901
140,43,18,14,40,27,0.20519942
140,43,18,14,40,34,0.20572346
140,43,18,14,40,41,0.21115477
140,43,18,14,40,48,0.22317732
140,43,18,14,40,55,0.24164833
140,43,18,9,40,20,0.26650346
140,43,18,9,40,27,0.2715133
140,43,18,9,40,34,0.28157959
140,43,18,9,40,41,0.29659424
140,43,18,9,40,48,0.31577019
140,43,18,9,40,55,0.33951373
140,43,20,19,40,20,0.13458244
140,43,20,19,40,27,0.12059318
140,43,20,19,40,34,0.1053381
140,43,20,19,40,41,0.089996487
140,43,20,19,40,48,0.076582982
140,43,20,19,40,55,0.069797235
140,43,20,14,40,20,0.1936501
140,43,20,14,40,27,0.18694788
140,43,20,14,40,34,0.1832263
140,43,20,14,40,41,0.18456766
140,43,20,14,40,48,0.19206735
140,43,20,14,40,55,0.20610221
140,43,20,9,40,20,0.25103894
140,43,20,9,40,27,0.25322337
140,43,20,9,40,34,0.25990488
140,43,20,9,40,41,0.27251263
140,43,20,9,40,48,0.29054531
140,43,20,9,40,55,0.31309763
145,43,16,19,40,20,0.23915907
145,43,16,19,40,27,0.23002935
145,43,16,19,40,34,0.2208316
145,43,16,19,40,41,0.21203811
145,43,16,19,40,48,0.20504964
145,43,16,19,40,55,0.20043806
145,43,16,14,40,20,0.30879696
145,43,16,14,40,27,0.30987423
145,43,16,14,40,34,0.31554333
145,43,16,14,40,41,0.32527977
145,43,16,14,40,48,0.34132573
145,43,16,14,40,55,0.36205604
145,43,16,9,40,20,0.37069348
145,43,16,9,40,27,0.38137105
145,43,16,9,40,34,0.39637508
145,43,16,9,40,41,0.41500145
145,43,18,9,40,48,0.43652546
145,43,18,9,40,55,0.45749456
145,43,18,19,40,20,0.23131261
145,43,18,19,40,27,0.22093808
145,43,18,19,40,34,0.20973848
145,43,18,19,40,41,0.19787634
145,43,18,19,40,48,0.18665309
145,43,18,19,40,55,0.17623613
145,43,18,14,40,20,0.29274089
145,43,18,14,40,27,0.29123267
145,43,18,14,40,34,0.29265794
145,43,18,14,40,41,0.29825675
145,43,18,14,40,48,0.30950602
145,43,18,14,40,55,0.32663004
145,43,18,9,40,20,0.35418984
145,43,18,9,40,27,0.36255441
145,43,18,9,40,34,0.37592574
145,43,18,9,40,41,0.39334948
145,43,18,9,40,48,0.41528268
145,43,18,9,40,55,0.43809591
145,43,20,19,40,20,0.2276653
145,43,20,19,40,27,0.21640113
145,43,20,19,40,34,0.20359953
145,43,20,19,40,41,0.18945194
145,43,20,19,40,48,0.17488815
145,43,20,19,40,55,0.15935916
145,43,20,14,40,20,0.27817933
145,43,20,14,40,27,0.27360261
145,43,20,14,40,34,0.27090777
145,43,20,14,40,41,0.27142558
145,43,20,14,40,48,0.2770113
145,43,20,14,40,55,0.28811235
145,43,20,9,40,20,0.33663403
145,43,20,9,40,27,0.34214132
145,43,20,9,40,34,0.35249218
145,43,20,9,40,41,0.3676964
145,43,20,9,40,48,0.38863429
145,43,20,9,40,55,0.41206322
150,43,16,19,40,20,0.30069485
150,43,16,19,40,27,0.29027271
150,43,16,19,40,34,0.2781245
150,43,16,19,40,41,0.26495319
150,43,16,19,40,48,0.25103767
150,43,16,19,40,55,0.23797565
150,43,16,14,40,20,0.36494499
150,43,16,14,40,27,0.36476107
150,43,16,14,40,34,0.36768334
150,43,16,14,40,41,0.37571894
150,43,16,14,40,48,0.39094414
150,43,16,14,40,55,0.41176405
150,43,16,9,40,20,0.44011195
150,43,16,9,40,27,0.45172763
150,43,16,9,40,34,0.46718709
150,43,16,9,40,41,0.48626876
150,43,18,9,40,48,0.50741273
150,43,18,9,40,55,0.52746082
150,43,18,19,40,20,0.2984717
150,43,18,19,40,27,0.28769264
150,43,18,19,40,34,0.27464627
150,43,18,19,40,41,0.25980289
150,43,18,19,40,48,0.24290521
150,43,18,19,40,55,0.22491761
150,43,18,14,40,20,0.35017144
150,43,18,14,40,27,0.34679035
150,43,18,14,40,34,0.34505494
150,43,18,14,40,41,0.34751755
150,43,18,14,40,48,0.35614671
150,43,18,14,40,55,0.37170428
150,43,18,9,40,20,0.42170375
150,43,18,9,40,27,0.43097128
150,43,18,9,40,34,0.44451356
150,43,18,9,40,41,0.4625162
150,43,18,9,40,48,0.48453291
150,43,18,9,40,55,0.50750398
150,43,20,19,40,20,0.30058148
150,43,20,19,40,27,0.2897624
150,43,20,19,40,34,0.27669232
150,43,20,19,40,41,0.26138016
150,43,20,19,40,48,0.24296301
150,43,20,19,40,55,0.22248936
150,43,20,14,40,20,0.3385751
150,43,20,14,40,27,0.33212328
150,43,20,14,40,34,0.32599351
150,43,20,14,40,41,0.32225125
150,43,20,14,40,48,0.32306586
150,43,20,14,40,55,0.33023172
150,43,20,9,40,20,0.40266938
150,43,20,9,40,27,0.40831128
150,43,20,9,40,34,0.4183191
150,43,20,9,40,41,0.43386629
150,43,20,9,40,48,0.455371
150,43,20,9,40,55,0.47989813
155,43,16,19,40,20,0.33769481
155,43,16,19,40,27,0.32588866
155,43,16,19,40,34,0.31147819
155,43,16,19,40,41,0.29499738
155,43,16,19,40,48,0.2763581
155,43,16,19,40,55,0.25662269
155,43,16,14,40,20,0.39406048
155,43,16,14,40,27,0.39212866
155,43,16,14,40,34,0.39325146
155,43,16,14,40,41,0.39981856
155,43,16,14,40,48,0.41430762
155,43,16,14,40,55,0.43549364
155,43,16,9,40,20,0.48229779
155,43,16,9,40,27,0.49456118
155,43,16,9,40,34,0.51089782
155,43,16,9,40,41,0.53055733
155,43,18,9,40,48,0.55201838
155,43,18,9,40,55,0.57177101
155,43,18,19,40,20,0.3408057
155,43,18,19,40,27,0.32935344
155,43,18,19,40,34,0.31506581
155,43,18,19,40,41,0.2979675
155,43,18,19,40,48,0.27744864
155,43,18,19,40,55,0.25403385
155,43,18,14,40,20,0.38027577
155,43,18,14,40,27,0.37462284
155,43,18,14,40,34,0.37041507
155,43,18,14,40,41,0.37010687
155,43,18,14,40,48,0.37660552
155,43,18,14,40,55,0.39049987
155,43,18,9,40,20,0.46157239
155,43,18,9,40,27,0.47104384
155,43,18,9,40,34,0.48541912
155,43,18,9,40,41,0.50440438
155,43,18,9,40,48,0.52735564
155,43,18,9,40,55,0.55048931
155,43,20,19,40,20,0.34813311
155,43,20,19,40,27,0.33748913
155,43,20,19,40,34,0.32408531
155,43,20,19,40,41,0.3076921
155,43,20,19,40,48,0.28724061
155,43,20,19,40,55,0.26355179
155,43,20,14,40,20,0.3721087
155,43,20,14,40,27,0.36327003
155,43,20,14,40,34,0.35439254
155,43,20,14,40,41,0.34666175
155,43,20,14,40,48,0.34358046
155,43,20,14,40,55,0.34639324
155,43,20,9,40,20,0.44051132
155,43,20,9,40,27,0.44588073
155,43,20,9,40,34,0.45607991
155,43,20,9,40,41,0.47228624
155,43,20,9,40,48,0.49498395
155,43,20,9,40,55,0.52034704
140,43,16,19,50,20,0.13145322
140,43,16,19,50,27,0.11912754
140,43,16,19,50,34,0.10852177
140,43,16,19,50,41,0.10261757
140,43,16,19,50,48,0.10502647
140,43,16,19,50,55,0.1170632
140,43,16,14,50,20,0.19776441
140,43,16,14,50,27,0.19731555
140,43,16,14,50,34,0.20229714
140,43,16,14,50,41,0.21465994
140,43,16,14,50,48,0.23493002
140,43,16,14,50,55,0.26239044
140,43,16,9,50,20,0.26011989
140,43,16,9,50,27,0.26954534
140,43,16,9,50,34,0.2856992
140,43,16,9,50,41,0.30888593
140,43,18,9,50,48,0.33757814
140,43,18,9,50,55,0.3697278
140,43,18,19,50,20,0.12459661
140,43,18,19,50,27,0.1102508
140,43,18,19,50,34,0.096012128
140,43,18,19,50,41,0.083597038
140,43,18,19,50,48,0.078979739
140,43,18,19,50,55,0.08689191
140,43,18,14,50,20,0.18324496
140,43,18,14,50,27,0.17904921
140,43,18,14,50,34,0.17936623
140,43,18,14,50,41,0.18667511
140,43,18,14,50,48,0.20244401
140,43,18,14,50,55,0.22690031
140,43,18,9,50,20,0.24376008
140,43,18,9,50,27,0.24990878
140,43,18,9,50,34,0.26312967
140,43,18,9,50,41,0.28325312
140,43,18,9,50,48,0.31038285
140,43,18,9,50,55,0.34288232
140,43,20,19,50,20,0.12219914
140,43,20,19,50,27,0.10685061
140,43,20,19,50,34,0.089982845
140,43,20,19,50,41,0.07214187
140,43,20,19,50,48,0.056334026
140,43,20,19,50,55,0.055812293
140,43,20,14,50,20,0.17007808
140,43,20,14,50,27,0.16166784
140,43,20,14,50,34,0.15679914
140,43,20,14,50,41,0.15799938
140,43,20,14,50,48,0.16791623
140,43,20,14,50,55,0.18738371
140,43,20,9,50,20,0.22685668
140,43,20,9,50,27,0.22894801
140,43,20,9,50,34,0.23730003
140,43,20,9,50,41,0.25342516
140,43,20,9,50,48,0.2777294
140,43,20,9,50,55,0.30923375
145,43,16,19,50,20,0.22824399
145,43,16,19,50,27,0.21968262
145,43,16,19,50,34,0.21128067
145,43,16,19,50,41,0.20356634
145,43,16,19,50,48,0.1981021
145,43,16,19,50,55,0.19524876
145,43,16,14,50,20,0.29146526
145,43,16,14,50,27,0.29376879
145,43,16,14,50,34,0.30018748
145,43,16,14,50,41,0.31153934
145,43,16,14,50,48,0.32966698
145,43,16,14,50,55,0.35346871
145,43,16,9,50,20,0.35461825
145,43,16,9,50,27,0.36761925
145,43,16,9,50,34,0.38668581
145,43,16,9,50,41,0.41035353
145,43,18,9,50,48,0.43776263
145,43,18,9,50,55,0.46503257
145,43,18,19,50,20,0.22181051
145,43,18,19,50,27,0.21185629
145,43,18,19,50,34,0.20122728
145,43,18,19,50,41,0.19035892
145,43,18,19,50,48,0.1809932
145,43,18,19,50,55,0.17281809
145,43,18,14,50,20,0.27667989
145,43,18,14,50,27,0.27564296
145,43,18,14,50,34,0.27803722
145,43,18,14,50,41,0.28450792
145,43,18,14,50,48,0.29774141
145,43,18,14,50,55,0.31662501
145,43,18,9,50,20,0.33682613
145,43,18,9,50,27,0.34704906
145,43,18,9,50,34,0.36351118
145,43,18,9,50,41,0.38532366
145,43,18,9,50,48,0.41271416
145,43,18,9,50,55,0.44133515
145,43,20,19,50,20,0.21844075
145,43,20,19,50,27,0.20727368
145,43,20,19,50,34,0.19467343
145,43,20,19,50,41,0.18126873
145,43,20,19,50,48,0.16810317
145,43,20,19,50,55,0.15513331
145,43,20,14,50,20,0.26277276
145,43,20,14,50,27,0.25873745
145,43,20,14,50,34,0.25639688
145,43,20,14,50,41,0.25753135
145,43,20,14,50,48,0.26436415
145,43,20,14,50,55,0.27683851
145,43,20,9,50,20,0.31833276
145,43,20,9,50,27,0.32511612
145,43,20,9,50,34,0.33719166
145,43,20,9,50,41,0.35540941
145,43,20,9,50,48,0.38100759
145,43,20,9,50,55,0.41000817
150,43,16,19,50,20,0.29874645
150,43,16,19,50,27,0.28930918
150,43,16,19,50,34,0.27836467
150,43,16,19,50,41,0.26643616
150,43,16,19,50,48,0.25415892
150,43,16,19,50,55,0.24252852
150,43,16,14,50,20,0.35564654
150,43,16,14,50,27,0.35588401
150,43,16,14,50,34,0.35897949
150,43,16,14,50,41,0.36678137
150,43,16,14,50,48,0.38203549
150,43,16,14,50,55,0.40340592
150,43,16,9,50,20,0.42813312
150,43,16,9,50,27,0.44134563
150,43,16,9,50,34,0.4595524
150,43,16,9,50,41,0.48176528
150,43,18,9,50,48,0.50753206
150,43,18,9,50,55,0.53205523
150,43,18,19,50,20,0.29678325
150,43,18,19,50,27,0.28684749
150,43,18,19,50,34,0.2749527
150,43,18,19,50,41,0.26141315
150,43,18,19,50,48,0.24649681
150,43,18,19,50,55,0.2309956
150,43,18,14,50,20,0.34250416
150,43,18,14,50,27,0.33967764
150,43,18,14,50,34,0.33840692
150,43,18,14,50,41,0.34055471
150,43,18,14,50,48,0.34905391
150,43,18,14,50,55,0.36427345
150,43,18,9,50,20,0.40932712
150,43,18,9,50,27,0.41966271
150,43,18,9,50,34,0.43522278
150,43,18,9,50,41,0.45592574
150,43,18,9,50,48,0.48183164
150,43,18,9,50,55,0.5092462
150,43,20,19,50,20,0.29802457
150,43,20,19,50,27,0.28775523
150,43,20,19,50,34,0.27530102
150,43,20,19,50,41,0.26090625
150,43,20,19,50,48,0.24448684
150,43,20,19,50,55,0.22645499
150,43,20,14,50,20,0.33194056
150,43,20,14,50,27,0.32614284
150,43,20,14,50,34,0.32037895
150,43,20,14,50,41,0.31740947
150,43,20,14,50,48,0.31784082
150,43,20,14,50,55,0.3241563
150,43,20,9,50,20,0.39029456
150,43,20,9,50,27,0.39645333
150,43,20,9,50,34,0.40743474
150,43,20,9,50,41,0.42481711
150,43,20,9,50,48,0.44896804
150,43,20,9,50,55,0.47729413
155,43,16,19,50,20,0.34277916
155,43,16,19,50,27,0.33104821
155,43,16,19,50,34,0.31813915
155,43,16,19,50,41,0.30340389
155,43,16,19,50,48,0.28807935
155,43,16,19,50,55,0.27034553
155,43,16,14,50,20,0.39103969
155,43,16,14,50,27,0.3878493
155,43,16,14,50,34,0.3887863
155,43,16,14,50,41,0.39419001
155,43,16,14,50,48,0.40802278
155,43,16,14,50,55,0.4276176
155,43,16,9,50,20,0.47392256
155,43,16,9,50,27,0.48583826
155,43,16,9,50,34,0.50395775
155,43,16,9,50,41,0.5260183
155,43,18,9,50,48,0.55193527
155,43,18,9,50,55,0.57492389
155,43,18,19,50,20,0.34393161
155,43,18,19,50,27,0.33360728
155,43,18,19,50,34,0.32035427
155,43,18,19,50,41,0.30530112
155,43,18,19,50,48,0.28724339
155,43,18,19,50,55,0.26700166
155,43,18,14,50,20,0.37878803
155,43,18,14,50,27,0.37351964
155,43,18,14,50,34,0.36950438
155,43,18,14,50,41,0.36852995
155,43,18,14,50,48,0.37330493
155,43,18,14,50,55,0.38514916
155,43,18,9,50,20,0.45273273
155,43,18,9,50,27,0.46259959
155,43,18,9,50,34,0.47796217
155,43,18,9,50,41,0.49856392
155,43,18,9,50,48,0.52430307
155,43,18,9,50,55,0.55076314
155,43,20,19,50,20,0.35055271
155,43,20,19,50,27,0.34060969
155,43,20,19,50,34,0.32682757
155,43,20,19,50,41,0.31278823
155,43,20,19,50,48,0.29494233
155,43,20,19,50,55,0.27422223
155,43,20,14,50,20,0.37281283
155,43,20,14,50,27,0.36494845
155,43,20,14,50,34,0.35498464
155,43,20,14,50,41,0.34921434
155,43,20,14,50,48,0.34500295
155,43,20,14,50,55,0.34585697
155,43,20,9,50,20,0.43339303
155,43,20,9,50,27,0.43875717
155,43,20,9,50,34,0.44778344
155,43,20,9,50,41,0.46595572
155,43,20,9,50,48,0.49007658
155,43,20,9,50,55,0.51791198
